Name,Value,Min,Max,Type,Description,Solution_0_SELECTED,Solution_1,Solution_2,Solution_3,Solution_4,Solution_5,Solution_6,Solution_7,Solution_8,Solution_9,Solution_10,Solution_11,Solution_12,Solution_13,Solution_14,Solution_15,Solution_16,Solution_17,Solution_18,Solution_19,Solution_20,Solution_21,Solution_22,Solution_23,Solution_24,Solution_25,Solution_26,Solution_27,Solution_28,Solution_29,Solution_30,Solution_31,Solution_32,Solution_33,Solution_34,Solution_35,Solution_36,Solution_37,Solution_38,Solution_39,Solution_40,Solution_41,Solution_42,Solution_43,Solution_44,Solution_45,Solution_46,Solution_47,Solution_48,Solution_49,Solution_50,Solution_51,Solution_52,Solution_53,Solution_54,Solution_55,Solution_56,Solution_57,Solution_58,Solution_59,Solution_60,Solution_61,Solution_62,Solution_63,Solution_64,Solution_65,Solution_66,Solution_67,Solution_68,Solution_69,Solution_70,Solution_71,Solution_72,Solution_73,Solution_74,Solution_75,Solution_76,Solution_77,Solution_78,Solution_79,Solution_80,Solution_81,Solution_82,Solution_83,Solution_84,Solution_85,Solution_86,Solution_87,Solution_88,Solution_89,Solution_90,Solution_91,Solution_92,Solution_93,Solution_94,Solution_95,Solution_96,Solution_97,Solution_98,Solution_99,Solution_100,Solution_101,Solution_102,Solution_103,Solution_104,Solution_105,Solution_106,Solution_107,Solution_108,Solution_109,Solution_110,Solution_111,Solution_112,Solution_113,Solution_114,Solution_115,Solution_116,Solution_117,Solution_118,Solution_119,Solution_120,Solution_121,Solution_122,Solution_123,Solution_124,Solution_125,Solution_126,Solution_127,Solution_128,Solution_129,Solution_130,Solution_131,Solution_132,Solution_133,Solution_134,Solution_135,Solution_136,Solution_137,Solution_138,Solution_139,Solution_140,Solution_141,Solution_142,Solution_143,Solution_144,Solution_145,Solution_146,Solution_147,Solution_148,Solution_149,Solution_150,Solution_151,Solution_152,Solution_153,Solution_154,Solution_155,Solution_156,Solution_157,Solution_158,Solution_159,Solution_160,Solution_161,Solution_162,Solution_163,Solution_164,Solution_165,Solution_166,Solution_167,Solution_168,Solution_169,Solution_170,Solution_171,Solution_172,Solution_173,Solution_174,Solution_175,Solution_176,Solution_177,Solution_178,Solution_179,Solution_180,Solution_181,Solution_182,Solution_183,Solution_184,Solution_185,Solution_186,Solution_187,Solution_188,Solution_189,Solution_190,Solution_191,Solution_192,Solution_193
__indicatorName,BB Strategy,,,,Strategy identifier,,,,,,,,,,,,,,,,,,,,,,,,,,,,,,,,,,,,,,,,,,,,,,,,,,,,,,,,,,,,,,,,,,,,,,,,,,,,,,,,,,,,,,,,,,,,,,,,,,,,,,,,,,,,,,,,,,,,,,,,,,,,,,,,,,,,,,,,,,,,,,,,,,,,,,,,,,,,,,,,,,,,,,,,,,,,,,,,,,,,,,,,,,,,,,,,,,
=== ENTRY CRITERIA ===,,,,,,,,,,,,,,,,,,,,,,,,,,,,,,,,,,,,,,,,,,,,,,,,,,,,,,,,,,,,,,,,,,,,,,,,,,,,,,,,,,,,,,,,,,,,,,,,,,,,,,,,,,,,,,,,,,,,,,,,,,,,,,,,,,,,,,,,,,,,,,,,,,,,,,,,,,,,,,,,,,,,,,,,,,,,,,,,,,,,,,,,,,,,,,,,,,,,,,,
Enable Long Trades,true,false,true,bool,Allow long entries,,,,,,,,,,,,,,,,,,,,,,,,,,,,,,,,,,,,,,,,,,,,,,,,,,,,,,,,,,,,,,,,,,,,,,,,,,,,,,,,,,,,,,,,,,,,,,,,,,,,,,,,,,,,,,,,,,,,,,,,,,,,,,,,,,,,,,,,,,,,,,,,,,,,,,,,,,,,,,,,,,,,,,,,,,,,,,,,,,,,,,,,,,,,,,,,,,
Enable Short Trades,true,false,true,bool,Allow short entries,,,,,,,,,,,,,,,,,,,,,,,,,,,,,,,,,,,,,,,,,,,,,,,,,,,,,,,,,,,,,,,,,,,,,,,,,,,,,,,,,,,,,,,,,,,,,,,,,,,,,,,,,,,,,,,,,,,,,,,,,,,,,,,,,,,,,,,,,,,,,,,,,,,,,,,,,,,,,,,,,,,,,,,,,,,,,,,,,,,,,,,,,,,,,,,,,,
Bollinger Band Length,30,2,30,int,Lookback period for BB,7,7,7,7,7,7,7,7,7,7,7,7,7,8,7,8,8,7,8,7,7,7,8,7,8,8,7,8,7,7,7,8,8,8,8,7,8,8,8,8,8,8,8,8,8,8,7,8,7,8,8,8,8,8,8,8,8,7,8,8,8,8,8,8,8,8,8,8,8,8,8,8,8,8,8,7,8,7,7,7,8,8,8,8,7,8,8,8,8,8,8,8,8,8,8,8,8,8,8,8,8,8,8,8,7,8,8,8,8,8,8,8,8,8,8,8,8,8,8,8,8,8,8,8,8,8,8,8,8,8,8,8,8,8,8,8,8,8,8,8,8,8,8,8,8,8,8,8,8,8,8,8,8,8,8,8,8,8,8,8,8,8,8,8,8,8,8,8,8,8,8,8,8,8,8,8,8,8,8,8,8,8,8,8,8,8,8,8,8,8,8,8,8,8
Bollinger Band StdDev,2,1,4,float,StdDev multiplier for BB width (Max capped at 3.0 to prevent overfitting),1.9614,1.9214,2.0038,2.0038,1.9141,1.9141,1.9141,1.9466,1.9531,1.9449,1.9449,1.9182,1.9534,1.9235,2.0127,1.9323,1.9323,1.92,1.9005,2.0038,1.9332,1.9171,1.9481,1.9314,1.9048,1.8913,1.9314,1.8166,1.9314,1.9733,1.8925,1.9271,1.9282,1.9282,1.8978,1.8115,1.8978,1.8019,1.8071,2.0953,2.0953,1.8947,1.9045,1.909,1.8057,1.8039,2.0258,1.8913,1.7769,1.7756,1.9017,1.9103,1.9001,1.8151,1.8958,1.8854,1.7876,1.9789,1.8978,1.7174,1.9238,1.8998,1.7914,1.9025,1.8998,1.8685,1.9512,1.926,1.8996,1.9074,2.0753,1.8996,1.9032,1.7174,1.8224,2.002,1.9114,1.9131,1.9131,1.8104,1.8987,1.927,1.9067,1.8021,2.0427,1.8974,1.7131,1.8022,2.0753,1.9063,2.0753,1.799,1.8978,1.9024,1.8981,1.8972,1.8972,1.9065,1.8972,1.9253,1.8981,1.8848,1.9064,1.8467,1.9141,1.8159,1.9256,1.8996,1.9222,1.7952,1.7625,1.7174,1.899,1.8431,1.8137,1.874,1.9098,1.8803,1.8248,1.8996,1.7625,1.8991,1.7545,1.759,1.7702,1.7593,1.7833,1.7078,1.8978,1.8991,1.9187,1.7844,1.9133,1.6663,1.9268,1.9064,1.927,1.7888,1.8136,1.899,1.6223,1.886,1.7432,1.9045,1.8046,1.8669,1.9018,1.7959,1.8263,1.9045,1.8263,1.7892,1.9012,1.7161,1.8831,1.8816,1.7606,1.8831,1.8343,1.7292,1.7292,1.7031,1.768,1.9024,1.8598,1.7788,1.8042,1.8959,1.7746,1.7925,1.7925,1.7618,1.7854,1.897,1.7854,1.8046,1.7019,1.7838,1.8819,1.8924,1.7978,1.9015,1.7795,1.9268,1.85,1.8007,1.7795,1.7902,1.7831,1.7788,1.9087,1.7933,1.8014,1.8068
Long Entry on Wick Touch,0,0,1,int,"Enter if low touches lower band (0=false, 1=true) - OPTIMIZABLE",1,1,1,1,1,1,1,1,1,1,1,1,1,1,1,1,1,1,1,1,1,1,1,1,1,1,1,1,1,1,1,1,1,1,1,1,1,1,1,1,1,1,1,1,1,1,1,1,1,1,1,1,1,1,1,1,1,1,1,1,1,1,1,1,1,1,1,1,1,1,1,1,1,1,1,1,1,1,1,1,1,1,1,1,1,1,1,1,1,1,1,1,1,1,1,1,1,1,1,1,1,1,1,1,1,1,1,1,1,1,1,1,1,1,1,1,1,1,1,1,1,1,1,1,1,1,1,1,1,1,1,1,1,1,1,1,1,1,1,1,1,1,1,1,1,1,1,1,1,1,1,1,1,1,1,1,1,1,1,1,1,1,1,1,1,1,1,1,1,1,1,1,1,1,1,1,1,1,1,1,1,1,1,1,1,1,1,1,1,1,1,1,1,1
Long Entry on Body in Zone,1,0,1,int,"Enter if close ≤ lower band (0=false, 1=true) - OPTIMIZABLE",1,1,1,1,1,1,1,1,1,1,1,1,1,1,1,1,1,1,1,1,1,1,1,1,1,1,1,1,1,1,1,1,1,1,1,1,1,1,1,1,1,1,1,1,1,1,1,1,1,1,1,1,1,1,1,1,1,1,1,1,1,1,1,1,1,1,1,1,1,1,1,1,1,1,1,1,1,1,1,1,1,1,1,1,1,1,1,1,1,1,1,1,1,1,1,1,1,1,1,1,1,1,1,1,1,1,1,1,1,1,1,1,1,1,1,1,1,1,1,1,1,1,1,1,1,1,1,1,1,1,1,1,1,1,1,1,1,1,1,1,1,1,1,1,1,1,1,0,1,1,1,1,1,1,1,1,1,1,0,1,1,1,0,1,1,0,1,1,0,1,1,0,1,1,1,1,1,1,1,1,1,1,1,1,1,1,1,1,1,0,1,0,0,0
Long Trigger (% From Lower Band),0.5,0,2,float,% below lower band to trigger (min 0.5% to avoid band extremes),0.0,0.0,0.0,0.0,0.0,0.0,0.0,0.0,0.0,0.0,0.0,0.0,0.0,0.0,0.0,0.0,0.0,0.0029,0.0,0.0,0.0039,0.0,0.0025,0.0,0.0,0.0027,0.0,0.0,0.0,0.003,0.0,0.0,0.0,0.0,0.0,0.0,0.0,0.0,0.0,0.0,0.0,0.0,0.0,0.0,0.0,0.0,0.0,0.0027,0.0,0.0,0.0,0.0,0.0,0.0,0.0,0.0,0.0,0.0,0.0,0.0,0.0,0.0,0.0,0.0,0.0,0.0,0.0,0.0,0.0,0.0,0.0,0.0,0.0,0.0,0.0,0.0,0.0,0.0,0.0,0.0,0.0,0.0,0.0,0.0,0.0,0.0,0.0,0.0,0.0,0.0,0.0,0.0,0.0,0.0,0.0,0.0,0.0,0.0,0.0,0.0,0.0,0.0,0.0,0.0,0.0,0.0,0.0,0.0,0.0,0.0,0.0,0.0,0.0,0.0,0.0,0.0,0.0,0.0,0.0,0.0,0.0,0.0,0.0,0.0,0.0,0.0,0.0,0.0,0.0,0.0,0.0,0.0,0.0,0.0,0.0,0.0,0.0,0.0,0.0,0.0,0.0,0.0,0.0,0.0,0.0,0.0,0.0,0.0,0.0,0.0,0.0,0.0,0.0,0.0,0.0,0.0,0.0,0.0,0.0,0.0,0.0,0.0009,0.0,0.0,0.0,0.0,0.0,0.0,0.0,0.0,0.0,0.0,0.0,0.0,0.0,0.0,0.0,0.0,0.0,0.0,0.0,0.0,0.0,0.0,0.0,0.0,0.0,0.0,0.0,0.0,0.0,0.0,0.0,0.0
Short Entry on Wick Touch,0,0,1,int,"Enter if high touches upper band (0=false, 1=true) - OPTIMIZABLE",1,1,1,1,1,1,1,1,1,1,1,1,1,1,1,1,1,1,1,1,1,1,1,1,1,1,1,1,1,1,1,1,1,1,1,1,1,1,1,1,1,1,1,1,1,1,1,1,1,1,1,1,1,1,1,1,1,1,1,1,1,1,1,1,1,1,1,1,1,1,1,1,1,1,1,1,1,1,1,1,1,1,1,1,1,1,1,1,1,1,1,1,1,1,1,1,1,1,1,1,1,1,1,1,1,1,1,1,1,1,1,1,1,1,1,1,1,1,1,1,1,1,1,1,1,1,1,1,1,1,1,1,1,1,1,1,1,1,1,1,1,1,1,1,1,1,1,1,0,1,1,1,1,1,1,1,1,1,1,1,1,1,1,1,1,1,1,1,1,1,1,1,1,1,1,1,1,1,1,1,1,1,1,1,1,1,1,1,1,1,1,1,1,1
Short Entry on Body in Zone,1,0,1,int,"Enter if close ≥ upper band (0=false, 1=true) - OPTIMIZABLE",0,0,0,0,0,0,0,0,0,0,0,0,0,0,0,0,0,0,0,0,0,0,0,0,0,0,0,0,0,0,0,0,0,0,0,0,0,0,0,0,0,0,0,0,0,0,0,0,0,0,0,0,0,0,0,0,0,0,0,0,0,0,0,0,0,0,0,0,0,0,0,0,0,0,0,0,0,0,0,0,0,0,0,0,0,0,0,0,0,0,0,0,0,0,0,0,0,0,0,0,0,0,0,0,0,0,0,0,0,0,0,0,0,0,0,0,0,0,0,0,0,0,0,0,0,0,0,0,0,0,0,0,0,0,0,0,0,0,0,0,0,0,0,0,0,0,0,0,0,0,0,0,0,0,0,0,0,0,0,0,0,0,0,0,0,0,0,0,0,0,0,0,0,0,0,0,0,0,0,0,0,0,0,0,0,0,0,0,0,0,0,0,0,0
Short Trigger (% From Upper Band),0.5,0,2,float,% above upper band to trigger (min 0.5% to avoid band extremes),0.0306,0.0302,0.0293,0.0293,1.3307,1.207,1.207,1.0993,0.5131,1.0981,1.0981,0.5791,0.5504,0.1777,0.3272,1.2155,1.0848,0.5793,0.7628,0.0293,0.5789,0.9064,0.5282,0.5787,0.0502,0.6645,0.3582,0.9162,0.5787,0.5907,0.6398,0.5952,0.6336,0.6336,0.6818,0.0302,0.6818,0.8992,0.5439,0.5226,1.0115,0.7325,0.8474,0.3636,0.8677,0.9471,0.809,0.6645,0.8518,0.4753,0.663,0.4753,0.5813,0.2873,0.288,0.6368,0.9472,0.5482,0.4768,1.116,0.7699,0.6185,1.2223,0.6699,0.6185,0.8816,0.3527,0.5521,0.8709,0.2997,0.4838,0.8709,0.028,1.0793,1.3291,0.8642,0.3541,1.0369,1.0369,0.8994,0.62,0.3356,0.5082,0.3736,0.0475,0.5354,0.3307,0.5104,0.4594,1.2817,0.4838,0.4043,0.6818,0.4436,0.4377,0.4204,0.4204,0.8266,0.5234,0.6437,0.493,0.6232,0.267,0.3105,0.8895,0.2393,0.5855,0.3638,0.386,0.3695,0.4839,1.116,0.5104,1.0464,0.6263,1.4686,0.5464,0.3332,1.3456,0.3638,0.4839,0.9577,0.9712,0.3021,1.1325,1.2141,0.599,0.4977,0.4257,0.3546,0.4298,0.7807,0.4425,0.6573,0.3816,0.2457,0.3356,0.3925,0.3933,0.5224,0.621,0.4743,0.4975,0.3416,0.837,0.8083,0.6277,0.8616,0.8792,0.3416,0.8792,0.4516,0.4454,1.1602,0.321,1.4708,0.6322,0.2374,0.8476,1.2659,0.837,0.4857,1.1986,1.0095,0.5108,1.1347,0.5438,0.494,0.6972,0.7613,0.7613,1.1148,0.8668,1.1656,0.8668,0.4287,1.0637,0.5475,0.3735,0.6216,0.3517,0.818,0.7731,0.3816,0.1235,0.8201,0.3989,0.951,0.5316,1.1347,0.5528,0.9683,1.1688,0.8422
ATR Length for Filter,26,5,20,int,ATR period for entry filter (separate from trailing stop ATR),5,5,5,5,9,9,9,5,5,5,5,5,5,5,5,5,5,5,9,5,5,5,5,5,7,5,5,5,5,5,9,5,5,5,7,5,7,8,5,5,5,8,10,9,8,7,5,5,9,5,7,5,9,5,5,7,6,5,7,8,9,7,6,7,7,5,11,5,5,8,6,5,6,8,6,6,5,6,6,8,8,8,7,6,5,5,9,7,6,7,6,6,7,5,5,5,5,9,5,5,5,8,5,5,9,5,5,6,7,5,5,8,5,6,8,7,7,5,5,6,5,5,7,12,6,7,5,6,5,5,5,7,7,6,5,5,8,6,5,5,6,5,8,5,7,5,7,7,6,5,6,5,5,9,5,7,5,5,6,7,7,8,6,7,5,5,6,8,6,6,6,6,6,5,6,5,9,6,8,7,5,7,6,5,6,7,6,7,8,5,8,5,5,5
Max ATR Filter (Points),4,2,10,float,Maximum ATR value to allow entries for mean reversion (ATR <= max). Low ATR = exhausted move ready to reverse (good). High ATR = strong momentum (bad for mean reversion). Range 1.0-6.0 points,8.1583,8.6366,8.5293,8.5293,7.7012,7.7012,7.7012,7.7306,7.7668,7.7221,7.7221,8.2453,7.6495,7.7569,7.742,7.6522,7.6522,8.1229,7.6016,8.5293,8.2021,7.6805,7.9066,8.3245,7.2427,8.2124,8.3245,7.5373,8.3245,7.5467,7.9502,7.7221,7.7296,7.7296,7.6443,8.6366,7.6443,7.5751,7.8524,8.1512,8.1512,7.6286,8.17,7.5661,7.5471,7.6446,7.4769,8.2124,7.8465,7.9171,7.6637,7.9171,7.7691,7.6086,8.8864,8.0126,7.5135,7.7955,7.4929,7.5746,7.5833,7.6448,7.3882,7.6247,7.6448,8.0833,8.6847,7.8182,8.1548,7.7158,9.0946,8.1548,8.575,7.5746,7.4782,8.9076,7.6023,8.9076,8.7441,7.7101,7.5034,7.5815,7.8744,7.434,9.2939,8.2479,7.5847,7.8747,9.0946,7.964,9.0946,7.4356,7.6443,7.4754,8.3415,8.7103,8.7103,7.6835,8.9055,7.6211,8.7933,7.7208,8.1177,8.568,7.7012,7.5375,7.658,7.4321,7.3619,7.9237,7.6241,7.5746,8.4246,7.5755,7.4734,7.5602,8.0982,8.1744,7.8316,7.5793,7.6241,8.05,7.6259,8.501,7.4747,7.6065,8.1056,7.7948,8.9991,8.2872,7.466,7.6316,7.6447,7.4466,7.9874,8.1211,7.7003,7.6188,7.8978,8.4246,7.5221,7.9894,7.433,8.5206,7.653,7.3877,7.6379,7.5403,8.0481,8.8238,8.0299,8.2752,8.476,7.6912,8.1342,7.6439,7.7539,8.0449,7.5857,7.653,7.653,8.0884,7.5863,8.04,7.5543,7.6434,8.0451,7.3979,7.5273,7.4785,7.4785,7.5719,7.3798,8.0607,7.4917,7.8692,7.4679,8.2469,7.7391,8.0173,8.0906,7.7318,7.3152,7.9874,7.4905,8.3051,7.3152,7.8628,7.6063,7.6636,7.7894,7.6507,8.2242,7.6426
Min ATR Filter (Points),0.5,0.1,4,float,Minimum ATR floor (optional) to ensure stops aren't too tight. Default 0.5 points. ATR must be >= this AND <= Max ATR Filter,1.0242,0.9945,1.0079,1.0079,1.0028,1.0028,1.0028,1.0207,1.014,1.0351,1.0351,1.0695,1.0578,1.1089,0.8696,1.0395,1.0395,0.9899,1.0066,1.0079,0.9868,0.9748,0.9962,1.0664,0.8492,0.9619,1.0192,1.0341,1.0192,0.9307,0.9068,1.0296,1.0215,1.0215,0.8834,0.9945,0.8834,0.9754,0.9076,0.4789,0.4789,0.9533,0.9841,0.9915,0.8771,0.872,0.7867,0.9619,1.0214,0.9849,0.885,0.8887,1.0134,1.1124,0.9603,0.8728,0.9069,0.7805,0.6995,1.009,0.8614,0.8909,0.9518,0.6791,0.8909,0.9402,0.9109,0.8145,0.9799,0.8581,0.551,0.9799,0.806,0.9249,0.7217,0.8432,0.897,0.8432,0.8432,0.9672,0.5971,0.8595,0.6133,0.8447,0.8678,0.6025,1.0076,0.9155,0.2949,0.6333,0.2949,0.7555,0.9511,0.6158,0.4865,0.6018,0.6018,0.5784,0.6018,0.8651,0.5903,0.8064,0.6488,0.908,0.6133,0.7357,0.7956,0.3684,0.5956,0.9595,0.8341,1.009,0.4751,0.6469,0.8032,0.7214,0.6532,0.9038,0.9439,0.3684,0.8341,0.6151,1.0065,0.7802,0.8371,0.9393,0.9259,0.9147,0.4857,0.6151,0.5001,0.9802,0.4009,0.9192,0.2767,0.3967,0.8595,0.7272,0.5859,0.4751,0.842,0.6526,0.8703,0.3157,0.8002,0.8982,0.7179,0.8383,0.9536,0.6202,0.9536,0.9905,0.6073,0.9095,0.5916,0.6912,0.8399,0.5916,0.7314,0.8229,0.8002,0.9263,0.5979,0.6335,0.6656,0.8101,0.8076,0.6292,0.6451,0.1018,0.1018,0.7481,0.7093,0.5957,0.7093,0.779,0.9511,0.6376,0.7696,0.6606,0.7798,0.6383,0.6295,0.2767,0.5931,0.9454,0.6295,0.8796,0.6566,0.7339,0.6283,0.8692,0.7391,0.8049
Enable Trend Filter,1,0,1,int,"Trade with trend only (Long > EMA, Short < EMA) - OPTIMIZABLE",0,0,0,0,0,0,0,0,0,0,0,0,0,0,0,0,0,0,0,0,0,0,0,0,0,0,0,0,0,0,0,0,0,0,0,0,0,0,0,0,0,0,0,0,0,0,0,0,0,0,0,0,0,0,0,0,0,0,0,0,0,0,0,0,0,0,0,0,0,0,0,0,0,0,0,0,0,0,0,0,0,0,0,0,0,0,0,0,0,0,0,0,0,0,0,0,0,0,0,0,0,0,0,0,0,0,0,0,0,0,0,0,0,0,0,0,0,0,0,0,0,0,0,0,0,0,0,0,0,0,0,0,0,0,0,0,0,0,0,0,0,0,0,0,0,0,0,0,0,0,0,0,0,0,0,0,0,0,0,0,0,0,0,0,0,0,0,0,0,0,0,0,0,0,0,0,0,0,0,0,0,0,0,0,0,0,0,0,0,0,0,0,0,0
Trend EMA Length,200,10,200,int,EMA Length for trend filter,62,74,66,66,72,72,72,72,73,73,73,85,68,73,73,73,73,66,74,66,63,73,73,82,75,74,82,77,82,59,73,75,75,75,75,74,75,70,73,68,68,73,74,76,70,69,75,74,72,74,76,74,74,73,82,73,74,75,74,71,74,73,74,73,73,72,75,73,73,74,67,73,67,71,70,68,72,68,68,72,71,74,72,73,73,80,74,73,67,73,67,75,75,77,80,80,80,72,80,73,79,72,77,77,72,70,73,73,74,72,74,71,79,71,74,74,71,72,73,73,74,76,72,78,73,72,77,77,80,76,72,72,73,77,70,77,74,72,82,79,78,81,77,77,72,73,72,74,71,77,71,74,81,69,82,73,73,82,72,72,72,81,74,74,77,73,72,73,74,76,76,73,74,76,74,74,75,72,74,74,78,72,75,70,72,71,75,72,70,73,75,73,74,73
Enable ADX Filter,1,0,1,int,Trade only when ADX < Threshold (Ranging Markets) - OPTIMIZABLE,1,1,0,0,0,0,0,0,0,0,0,0,0,0,0,0,0,0,0,0,0,0,0,0,0,0,0,0,0,0,0,0,0,0,0,1,0,0,0,0,0,0,0,0,0,0,0,0,0,0,0,0,0,0,0,0,0,0,0,0,0,0,0,0,0,0,0,0,0,0,0,0,0,0,0,0,0,0,0,0,0,0,0,0,0,0,0,0,0,0,0,0,0,0,0,0,0,0,0,0,0,0,0,0,0,0,0,0,0,0,0,0,0,0,0,0,0,0,0,0,0,0,0,0,0,0,0,0,0,0,0,0,0,0,0,0,0,0,0,0,0,0,0,0,0,0,0,0,0,0,0,0,0,0,0,0,0,0,0,0,0,0,0,0,0,0,0,0,0,0,0,0,0,0,0,0,0,0,0,0,0,0,0,0,0,0,0,0,0,0,0,0,0,0
ADX Period,14,5,30,int,Lookback period for ADX calculation,28,28,28,28,28,28,28,28,27,27,27,25,27,28,26,27,27,27,28,28,27,28,28,25,28,28,25,28,25,29,28,27,28,28,28,28,28,29,29,23,23,28,28,29,28,29,28,28,27,30,28,30,28,28,30,26,28,28,30,29,29,28,27,27,28,27,28,27,28,29,29,28,29,29,30,15,28,15,15,28,30,29,27,30,27,30,30,23,29,28,29,28,28,27,30,30,30,27,30,29,30,28,30,25,28,29,30,30,26,30,29,29,30,30,28,29,27,30,29,30,29,30,28,26,29,29,30,19,30,30,30,25,26,20,29,30,29,30,30,30,29,29,29,30,28,29,29,29,27,30,27,28,29,29,30,29,28,30,29,29,28,27,28,28,26,28,29,28,28,30,30,30,29,26,29,28,29,29,28,28,28,28,28,29,28,27,28,26,28,28,27,27,28,28
Max ADX Threshold,25,10,40,int,Maximum ADX allowed for entry. Lower = Only extremely choppy. Higher = Allow some trend.,30,30,29,29,29,29,29,29,29,29,29,31,32,28,29,29,29,30,29,29,30,29,29,31,29,30,32,28,31,27,29,29,29,29,28,30,28,30,29,31,31,29,29,29,29,29,29,30,31,29,29,29,29,31,30,29,28,29,31,29,29,29,29,29,29,29,29,30,30,28,27,30,27,29,29,29,31,29,29,31,31,29,29,28,29,30,29,29,27,29,27,31,28,29,30,30,30,29,30,28,30,28,30,31,29,35,29,29,30,27,31,29,30,30,28,31,30,28,28,29,31,30,29,30,29,28,31,29,30,30,30,29,30,28,30,30,29,34,36,30,28,31,28,30,29,30,32,29,28,30,29,28,31,29,29,28,29,29,29,29,29,31,30,29,29,30,31,30,29,29,29,30,28,30,28,30,28,30,29,29,30,28,30,30,32,29,30,29,30,30,29,29,30,30
RTH Start (HH:MM),09:30,09:30,09:30,str,Regular trading hours start (Eastern Time),,,,,,,,,,,,,,,,,,,,,,,,,,,,,,,,,,,,,,,,,,,,,,,,,,,,,,,,,,,,,,,,,,,,,,,,,,,,,,,,,,,,,,,,,,,,,,,,,,,,,,,,,,,,,,,,,,,,,,,,,,,,,,,,,,,,,,,,,,,,,,,,,,,,,,,,,,,,,,,,,,,,,,,,,,,,,,,,,,,,,,,,,,,,,,,,,,
RTH End (HH:MM),16:00,16:00,16:00,str,Regular trading hours end (Eastern Time),,,,,,,,,,,,,,,,,,,,,,,,,,,,,,,,,,,,,,,,,,,,,,,,,,,,,,,,,,,,,,,,,,,,,,,,,,,,,,,,,,,,,,,,,,,,,,,,,,,,,,,,,,,,,,,,,,,,,,,,,,,,,,,,,,,,,,,,,,,,,,,,,,,,,,,,,,,,,,,,,,,,,,,,,,,,,,,,,,,,,,,,,,,,,,,,,,
Enable RTH Filter,1,0,1,int,"Restrict entries to RTH only (0=false, 1=true) - OPTIMIZABLE",0,0,0,0,0,0,0,0,0,0,0,0,0,0,0,0,0,0,0,0,0,0,0,0,0,0,0,0,0,0,0,0,0,0,0,0,0,0,0,0,0,0,0,0,0,0,0,0,0,0,0,0,0,0,0,0,0,0,0,0,0,0,0,0,0,0,0,0,0,0,0,0,0,0,0,0,0,0,0,0,0,0,0,0,0,0,0,0,0,0,0,0,0,0,0,0,0,0,0,0,0,0,0,0,0,0,0,0,0,0,0,0,0,0,0,0,0,0,0,0,0,0,0,0,0,0,0,0,0,0,0,0,0,0,0,0,0,0,0,0,0,0,0,0,0,0,0,0,0,0,0,0,0,0,0,0,0,0,0,0,0,0,0,0,0,0,0,0,0,0,0,0,0,0,0,0,0,0,0,0,0,0,0,0,0,0,0,0,0,0,0,0,0,0
RTH Exit Buffer (minutes),0,0,60,int,Minutes before RTH end to start closing positions (0 = no auto-close),3,4,3,3,3,3,3,4,4,4,4,5,4,7,6,5,5,4,7,3,4,2,4,5,3,4,6,11,5,4,5,4,4,4,6,4,6,5,12,0,0,2,8,6,5,4,4,4,10,12,6,12,4,15,7,0,1,5,10,8,4,2,0,3,2,2,7,16,8,6,1,8,1,8,9,2,11,2,2,8,10,4,3,5,4,9,7,5,1,8,1,13,6,13,9,9,9,13,9,7,7,4,10,5,3,8,3,7,0,6,4,8,7,9,4,9,9,0,5,7,4,8,7,8,8,1,9,8,9,8,2,6,3,10,13,10,4,0,7,7,9,9,5,10,5,15,10,11,2,10,2,3,9,5,9,9,9,9,9,5,5,5,1,8,7,6,10,10,11,9,9,5,2,7,2,10,5,0,4,2,9,4,10,13,2,1,10,0,7,6,9,5,7,9
Enable Maintenance Filter,true,false,true,bool,Exit positions before maintenance periods,,,,,,,,,,,,,,,,,,,,,,,,,,,,,,,,,,,,,,,,,,,,,,,,,,,,,,,,,,,,,,,,,,,,,,,,,,,,,,,,,,,,,,,,,,,,,,,,,,,,,,,,,,,,,,,,,,,,,,,,,,,,,,,,,,,,,,,,,,,,,,,,,,,,,,,,,,,,,,,,,,,,,,,,,,,,,,,,,,,,,,,,,,,,,,,,,,
Daily Maintenance Start (HH:MM),17:00,17:00,17:00,str,Daily maintenance period start in Eastern Time (ES: 4:00 PM CT = 5:00 PM ET),,,,,,,,,,,,,,,,,,,,,,,,,,,,,,,,,,,,,,,,,,,,,,,,,,,,,,,,,,,,,,,,,,,,,,,,,,,,,,,,,,,,,,,,,,,,,,,,,,,,,,,,,,,,,,,,,,,,,,,,,,,,,,,,,,,,,,,,,,,,,,,,,,,,,,,,,,,,,,,,,,,,,,,,,,,,,,,,,,,,,,,,,,,,,,,,,,
Daily Maintenance End (HH:MM),17:30,17:30,17:30,str,Daily maintenance period end in Eastern Time (ES: 4:30 PM CT = 5:30 PM ET),,,,,,,,,,,,,,,,,,,,,,,,,,,,,,,,,,,,,,,,,,,,,,,,,,,,,,,,,,,,,,,,,,,,,,,,,,,,,,,,,,,,,,,,,,,,,,,,,,,,,,,,,,,,,,,,,,,,,,,,,,,,,,,,,,,,,,,,,,,,,,,,,,,,,,,,,,,,,,,,,,,,,,,,,,,,,,,,,,,,,,,,,,,,,,,,,,
Weekend Maintenance Start Day,4,4,4,int,"Weekend maintenance start day (0=Monday, 1=Tuesday, 2=Wednesday, 3=Thursday, 4=Friday, 5=Saturday, 6=Sunday). For ES futures: 4 (Friday)",,,,,,,,,,,,,,,,,,,,,,,,,,,,,,,,,,,,,,,,,,,,,,,,,,,,,,,,,,,,,,,,,,,,,,,,,,,,,,,,,,,,,,,,,,,,,,,,,,,,,,,,,,,,,,,,,,,,,,,,,,,,,,,,,,,,,,,,,,,,,,,,,,,,,,,,,,,,,,,,,,,,,,,,,,,,,,,,,,,,,,,,,,,,,,,,,,
Weekend Maintenance Start Time (HH:MM),17:00,17:00,17:00,str,Weekend maintenance start time in Eastern Time (ES: Fri 4:00 PM CT = 5:00 PM ET),,,,,,,,,,,,,,,,,,,,,,,,,,,,,,,,,,,,,,,,,,,,,,,,,,,,,,,,,,,,,,,,,,,,,,,,,,,,,,,,,,,,,,,,,,,,,,,,,,,,,,,,,,,,,,,,,,,,,,,,,,,,,,,,,,,,,,,,,,,,,,,,,,,,,,,,,,,,,,,,,,,,,,,,,,,,,,,,,,,,,,,,,,,,,,,,,,
Weekend Maintenance End Day,6,6,6,int,"Weekend maintenance end day (0=Monday, 1=Tuesday, 2=Wednesday, 3=Thursday, 4=Friday, 5=Saturday, 6=Sunday). For ES futures: 6 (Sunday)",,,,,,,,,,,,,,,,,,,,,,,,,,,,,,,,,,,,,,,,,,,,,,,,,,,,,,,,,,,,,,,,,,,,,,,,,,,,,,,,,,,,,,,,,,,,,,,,,,,,,,,,,,,,,,,,,,,,,,,,,,,,,,,,,,,,,,,,,,,,,,,,,,,,,,,,,,,,,,,,,,,,,,,,,,,,,,,,,,,,,,,,,,,,,,,,,,
Weekend Maintenance End Time (HH:MM),18:00,18:00,18:00,str,Weekend maintenance end time in Eastern Time (ES: Sun 5:00 PM CT = 6:00 PM ET),,,,,,,,,,,,,,,,,,,,,,,,,,,,,,,,,,,,,,,,,,,,,,,,,,,,,,,,,,,,,,,,,,,,,,,,,,,,,,,,,,,,,,,,,,,,,,,,,,,,,,,,,,,,,,,,,,,,,,,,,,,,,,,,,,,,,,,,,,,,,,,,,,,,,,,,,,,,,,,,,,,,,,,,,,,,,,,,,,,,,,,,,,,,,,,,,,
Maintenance Buffer Minutes,5,1,30,int,Minutes before/after maintenance to exit/block trading,27,27,27,27,27,27,27,27,27,27,27,27,27,27,27,27,27,27,27,27,27,27,27,27,27,27,27,27,27,27,27,27,27,27,27,27,26,27,27,27,27,27,27,27,27,27,27,27,27,27,27,27,27,27,27,27,27,27,27,27,27,27,27,27,27,27,27,27,27,27,27,27,27,27,27,27,27,27,27,27,27,27,27,27,27,27,27,27,27,27,27,27,27,27,27,27,27,27,27,27,27,27,27,27,27,27,27,27,27,27,27,27,27,27,27,27,27,27,27,27,27,27,27,27,27,27,27,27,27,27,27,27,27,27,27,27,27,27,27,27,27,27,27,27,27,27,27,27,27,27,27,27,27,27,27,27,27,27,27,27,27,27,27,27,27,27,27,27,27,27,27,27,27,27,27,27,27,27,27,27,27,27,27,27,27,27,27,27,27,27,27,27,27,27
Volume MA Length,50,25,200,int,Rolling window for average volume calculation (used by volume filter),159,159,160,160,159,159,159,159,160,160,160,159,159,159,160,160,160,160,160,160,160,159,160,159,160,159,159,159,159,160,160,159,159,159,160,159,160,160,160,159,159,159,159,159,160,159,159,159,160,160,160,160,160,160,160,159,160,159,159,159,159,160,160,160,160,159,159,160,159,159,159,159,159,159,159,159,160,159,159,159,160,159,160,159,160,160,159,159,159,159,159,160,160,159,160,160,160,159,160,158,160,160,160,159,159,160,159,159,159,160,159,159,160,159,159,159,160,159,160,159,159,160,160,159,160,160,159,159,160,160,159,160,159,160,160,160,159,159,159,160,160,160,160,160,159,160,159,160,159,160,159,160,159,159,159,159,159,159,160,159,159,160,160,159,160,159,159,160,160,160,160,160,160,160,160,160,160,160,159,159,160,160,160,160,159,159,160,161,160,160,160,159,159,159
Max Volume Multiplier,1.2,0.5,4,float,"Volume filter for mean reversion - MAX volume allowed (volume <= avg * multiplier). Low volume = exhausted move ready to reverse. High volume = strong momentum (bad for mean reversion). Range 0.5-3.0 (1.0 = no filter, lower = more restrictive)",3.0421,3.0578,3.0536,3.0536,2.8344,2.8344,2.8344,2.8314,2.8385,2.8329,2.8579,3.0749,3.1437,2.7646,2.8415,2.8247,2.8247,3.0,2.8798,3.0536,2.9946,2.8407,2.8999,3.0695,2.808,3.0058,3.0695,2.8345,3.0695,2.9103,2.9838,2.8569,2.8272,2.8272,2.8587,3.0578,2.8832,2.8363,2.8531,2.847,2.794,2.9571,2.865,3.0463,2.8352,3.0345,2.8519,2.8269,2.8478,2.8883,2.8977,2.8883,2.9891,2.8728,2.852,3.0429,2.8761,2.9977,2.8596,2.6518,2.7922,3.1792,2.807,2.7333,2.9853,3.1245,3.096,2.8841,2.8425,3.0132,2.9216,2.8655,2.9988,2.7551,2.9016,3.0701,2.879,3.0701,3.0701,2.8489,2.862,2.8617,2.7212,3.0777,2.878,2.8573,2.745,2.8582,2.9167,2.8654,2.9216,2.8262,2.6654,2.8522,2.8577,2.8573,2.8573,2.8288,2.8573,2.7163,2.8572,2.8421,2.8553,2.7769,2.8344,2.7641,2.7469,3.076,2.8432,3.0688,2.7714,2.7469,2.8576,2.9297,2.8207,2.8505,2.8645,2.852,2.8898,3.076,2.7714,2.8608,2.8583,2.7742,2.8646,2.6437,3.118,2.8527,2.8576,2.8608,2.8333,2.8593,2.8169,2.854,2.8565,2.8584,2.8617,3.1309,2.7215,2.8576,2.8492,2.8673,2.794,2.8565,2.711,2.8913,2.8772,2.8437,2.8395,2.8565,2.8739,2.894,2.8728,2.7463,2.7973,2.8691,2.7761,2.7973,2.8649,2.711,2.711,2.8782,2.8738,2.9301,2.8555,2.3262,2.9399,3.096,2.8598,2.8585,2.8585,2.8825,2.8753,2.7296,2.8753,2.7599,2.697,2.862,2.7298,2.9226,2.7658,2.6513,2.7997,2.8565,2.7593,2.6777,2.8377,2.8474,2.8993,2.709,2.847,2.5973,3.0209,2.8017
Timeframe (minutes),15,1,15,int,Resample timeframe in minutes,4,4,4,4,4,4,4,4,4,4,4,4,4,4,4,4,4,4,4,4,4,4,4,4,4,4,4,4,4,4,4,4,4,4,4,4,4,4,4,4,4,4,4,4,4,4,4,4,4,4,4,4,4,4,4,4,4,4,4,4,4,4,4,4,4,4,4,4,4,4,4,4,4,4,4,4,4,4,4,4,4,4,4,4,4,4,4,4,4,4,4,4,4,4,4,4,4,4,4,4,4,4,4,4,4,4,4,4,4,4,4,4,4,4,4,4,4,4,4,4,4,4,4,4,4,4,4,4,4,4,4,4,4,4,4,4,4,4,4,4,4,4,4,4,4,4,4,4,4,4,4,4,4,4,4,4,4,4,4,4,4,4,4,4,4,4,4,4,4,4,4,4,4,4,4,4,4,4,4,4,4,4,4,4,4,4,4,4,4,4,4,4,4,4
Max Open Trades,1,1,1,int,Maximum concurrent positions,,,,,,,,,,,,,,,,,,,,,,,,,,,,,,,,,,,,,,,,,,,,,,,,,,,,,,,,,,,,,,,,,,,,,,,,,,,,,,,,,,,,,,,,,,,,,,,,,,,,,,,,,,,,,,,,,,,,,,,,,,,,,,,,,,,,,,,,,,,,,,,,,,,,,,,,,,,,,,,,,,,,,,,,,,,,,,,,,,,,,,,,,,,,,,,,,,
Transaction Cost (Per Trade),20,20,20,float,Estimated friction per trade (Slippage + Commissions) to realistic PnL. E.g. $4 comm + $12.50 slip = 16.5,,,,,,,,,,,,,,,,,,,,,,,,,,,,,,,,,,,,,,,,,,,,,,,,,,,,,,,,,,,,,,,,,,,,,,,,,,,,,,,,,,,,,,,,,,,,,,,,,,,,,,,,,,,,,,,,,,,,,,,,,,,,,,,,,,,,,,,,,,,,,,,,,,,,,,,,,,,,,,,,,,,,,,,,,,,,,,,,,,,,,,,,,,,,,,,,,,
=== TAKE PROFIT CRITERIA ===,,,,,,,,,,,,,,,,,,,,,,,,,,,,,,,,,,,,,,,,,,,,,,,,,,,,,,,,,,,,,,,,,,,,,,,,,,,,,,,,,,,,,,,,,,,,,,,,,,,,,,,,,,,,,,,,,,,,,,,,,,,,,,,,,,,,,,,,,,,,,,,,,,,,,,,,,,,,,,,,,,,,,,,,,,,,,,,,,,,,,,,,,,,,,,,,,,,,,,,
TP Method,0,0,2,int,"Take profit method (0=Fixed BB at Entry, 1=Fixed ATR, 2=Opposite BB) - OPTIMIZABLE",,,,,,,,,,,,,,,,,,,,,,,,,,,,,,,,,,,,,,,,,,,,,,,,,,,,,,,,,,,,,,,,,,,,,,,,,,,,,,,,,,,,,,,,,,,,,,,,,,,,,,,,,,,,,,,,,,,,,,,,,,,,,,,,,,,,,,,,,,,,,,,,,,,,,,,,,,,,,,,,,,,,,,,,,,,,,,,,,,,,,,,,,,,,,,,,,,
Opposite Bollinger Band TP,false,false,false,bool,FIXED: Controlled by TP Method (do not optimize directly),False,False,False,False,False,False,False,False,False,False,False,False,False,False,False,False,False,False,False,False,False,False,False,False,False,False,False,False,False,False,False,False,False,False,False,False,False,False,False,False,False,False,False,False,False,False,False,False,False,False,False,False,False,False,False,False,False,False,False,False,False,False,False,False,False,False,False,False,False,False,False,False,False,False,False,False,False,False,False,False,False,False,False,False,False,False,False,False,False,False,False,False,False,False,False,False,False,False,False,False,False,False,False,False,False,False,False,False,False,False,False,False,False,False,False,False,False,False,False,False,False,False,False,False,False,False,False,False,False,False,False,False,False,False,False,False,False,False,False,False,False,False,False,False,False,False,False,False,False,False,False,False,False,False,False,False,False,False,False,False,False,False,False,False,False,False,False,False,False,False,False,False,False,False,False,False,False,False,False,False,False,False,False,False,False,False,False,False,False,False,False,False,False,False
Fixed ATR TP,false,false,false,bool,FIXED: Controlled by TP Method (do not optimize directly),True,True,True,True,True,True,True,True,True,True,True,True,True,True,True,True,True,True,True,True,True,True,True,True,True,True,True,True,True,True,True,True,True,True,True,True,True,True,True,True,True,True,True,True,True,True,True,True,True,True,True,True,True,True,True,True,True,True,True,True,True,True,True,True,True,True,True,True,True,True,True,True,True,True,True,True,True,True,True,True,True,True,True,True,True,True,True,True,True,True,True,True,True,True,True,True,True,True,True,True,True,True,True,True,True,True,True,True,True,True,True,True,True,True,True,True,True,True,True,True,True,True,True,True,True,True,True,True,True,True,True,True,True,True,True,True,True,True,True,True,True,True,True,True,True,True,True,True,True,True,True,True,True,True,True,True,True,True,True,True,True,True,True,True,True,True,True,True,True,True,True,True,True,True,True,True,True,True,True,True,True,True,True,True,True,True,True,True,True,True,True,True,True,True
Fixed BB at Entry TP,true,true,true,bool,FIXED: Controlled by TP Method (do not optimize directly),False,False,False,False,False,False,False,False,False,False,False,False,False,False,False,False,False,False,False,False,False,False,False,False,False,False,False,False,False,False,False,False,False,False,False,False,False,False,False,False,False,False,False,False,False,False,False,False,False,False,False,False,False,False,False,False,False,False,False,False,False,False,False,False,False,False,False,False,False,False,False,False,False,False,False,False,False,False,False,False,False,False,False,False,False,False,False,False,False,False,False,False,False,False,False,False,False,False,False,False,False,False,False,False,False,False,False,False,False,False,False,False,False,False,False,False,False,False,False,False,False,False,False,False,False,False,False,False,False,False,False,False,False,False,False,False,False,False,False,False,False,False,False,False,False,False,False,False,False,False,False,False,False,False,False,False,False,False,False,False,False,False,False,False,False,False,False,False,False,False,False,False,False,False,False,False,False,False,False,False,False,False,False,False,False,False,False,False,False,False,False,False,False,False
ATR Length for TP,26,5,80,int,ATR period for fixed TP,21,21,21,21,21,21,21,21,21,21,21,20,21,21,20,17,17,20,21,21,21,21,21,21,21,20,21,21,21,21,20,21,21,21,21,21,21,20,21,20,20,21,20,18,21,21,22,19,21,21,21,21,21,21,21,21,20,21,21,20,21,21,20,21,21,21,19,21,20,21,21,20,21,21,21,21,21,21,21,21,21,21,21,22,21,21,22,21,21,20,21,23,21,21,21,21,21,21,21,21,20,21,22,21,21,21,21,21,20,22,21,20,20,21,21,17,20,21,20,21,21,22,21,22,19,20,22,21,21,22,21,21,21,21,21,22,21,21,21,20,21,19,21,22,20,19,20,19,20,22,20,21,20,21,21,16,21,21,19,20,20,21,20,20,22,20,21,20,21,21,21,21,21,18,21,21,21,21,20,20,21,21,20,21,21,20,20,20,21,20,21,20,20,23
ATR Multiplier for TP,2,0,6,float,Fixed TP ATR multiplier - reduced max to prevent overfitting,3.0319,3.0867,3.0482,3.0482,3.0823,3.0823,3.0823,2.9898,2.9853,2.9782,2.9782,3.1002,3.0677,2.9591,3.0543,3.0178,3.0178,3.0653,3.1437,2.9435,3.0571,2.9919,2.9776,3.092,3.2712,3.0994,3.092,2.9138,3.092,2.9403,3.1363,2.9354,2.9192,2.9192,3.1362,3.0867,3.1362,2.9149,2.8938,3.241,3.241,2.9703,3.1387,2.7833,2.9511,2.9897,3.0016,3.0994,2.914,2.8945,3.0412,2.8945,2.8604,2.8449,2.9351,2.9295,2.9318,3.0393,3.0326,2.795,2.907,2.9778,2.8565,2.9993,2.9778,2.8978,2.9689,2.8982,2.833,2.9122,3.2179,2.833,3.235,2.795,2.9188,2.9982,2.6895,3.0909,3.0909,2.9482,2.9185,2.8721,2.8882,2.5323,2.9909,2.9197,2.7658,2.7088,3.2179,2.8325,3.2179,3.0186,2.7866,2.9287,2.9117,2.9176,2.9176,3.057,2.9176,2.6443,2.9143,2.8204,2.8491,2.703,3.0823,2.8497,2.6657,2.9178,2.8946,2.6082,2.7019,2.6597,2.9084,2.9372,2.6754,2.8105,2.8177,2.8359,2.4582,2.9178,2.7019,2.8431,2.4955,2.7693,2.6967,2.5099,2.6135,2.6549,2.9097,2.8431,2.9166,2.4872,2.8748,2.6723,2.9058,2.8493,2.8721,2.6857,2.8706,2.9084,2.8262,2.7724,2.2628,2.8395,2.4912,2.5636,2.6437,2.7097,2.2758,2.7837,2.2758,2.8994,2.6369,2.3112,2.5559,2.6581,2.405,2.5559,2.7913,2.4912,2.4912,2.3796,2.5881,2.4649,2.6476,2.4599,2.2591,2.498,2.6927,2.6936,2.6936,2.4683,2.2417,2.5154,2.4232,2.2531,2.2611,2.2906,2.4075,2.4707,2.1968,2.5519,2.4623,2.623,2.6816,2.1512,2.4623,2.0518,2.3832,2.2398,2.3714,2.208,2.304,2.17
=== STOP LOSS CRITERIA ===,,,,,,,,,,,,,,,,,,,,,,,,,,,,,,,,,,,,,,,,,,,,,,,,,,,,,,,,,,,,,,,,,,,,,,,,,,,,,,,,,,,,,,,,,,,,,,,,,,,,,,,,,,,,,,,,,,,,,,,,,,,,,,,,,,,,,,,,,,,,,,,,,,,,,,,,,,,,,,,,,,,,,,,,,,,,,,,,,,,,,,,,,,,,,,,,,,,,,,,
Initial Stop Loss (%),1,0.1,2,float,Fixed stop loss % - min 1.0% to avoid tight stops that cause quick losses,1.1759,1.1782,1.1583,1.1583,1.136,1.136,1.136,1.1783,1.1684,1.1755,1.1755,1.1636,1.1603,1.0464,1.1764,1.1707,1.1707,1.1722,1.1302,1.1583,1.1691,1.1372,1.1692,1.1605,1.1456,1.164,1.1605,1.1263,1.1605,1.1716,1.1502,1.1969,1.1313,1.1313,1.1407,1.1782,1.1018,1.0033,0.9841,1.1706,1.1706,1.1302,1.1379,1.0546,1.1379,1.1726,1.1505,1.0925,1.1675,1.0481,1.1355,1.0481,1.1382,1.0592,1.0524,1.1393,1.0646,1.1577,1.0463,1.1129,1.1188,1.1234,1.0519,1.0904,1.1234,1.2327,1.1839,1.0439,1.1083,1.2701,1.1509,1.1083,1.1509,1.1129,1.0439,1.1724,1.0519,1.1724,1.1724,1.1322,1.1368,1.0707,1.0672,1.2877,1.1471,1.0459,1.0132,1.0362,1.1927,1.133,1.1509,1.0185,1.1407,1.0744,1.0459,1.046,1.046,1.0027,1.046,1.0474,1.046,1.1196,1.0206,1.1637,0.9874,1.0579,1.0452,0.9812,1.06,1.0496,1.0463,1.1129,1.046,1.0422,1.0874,1.0584,1.0369,1.155,1.1336,0.9812,1.1085,1.023,1.044,1.1204,1.0413,1.131,1.0515,1.052,1.046,1.023,0.9679,1.068,1.0349,1.0592,1.0065,1.022,0.8017,1.0207,1.0581,0.9875,1.0584,1.0507,1.1711,1.0463,1.1299,1.0602,1.077,1.0038,1.1456,1.0168,1.1483,0.7432,1.0507,1.0652,1.0453,1.0675,1.2071,1.0453,1.0281,1.1299,1.1299,1.1687,1.0676,1.0226,0.9828,1.1356,1.2143,1.0778,0.9833,1.0397,1.0397,1.0419,1.2756,1.0801,1.051,1.173,1.0551,1.1961,1.1325,0.9765,1.1887,1.0676,1.0797,1.0065,1.0152,1.1839,1.0797,1.1842,1.1136,1.1356,1.071,1.1642,0.9704,1.211
Enable Trailing Stop,1,0,1,int,"Use ATR trailing stop (0=false, 1=true) - OPTIMIZABLE",0,0,0,0,0,0,0,0,0,0,0,0,0,0,0,0,0,0,0,0,0,0,0,0,0,0,0,0,0,0,0,0,0,0,0,0,0,0,0,0,0,0,0,0,0,0,0,0,0,0,0,0,0,0,0,0,0,0,0,0,0,0,0,0,0,0,0,0,0,0,0,0,0,0,0,0,0,0,0,0,0,0,0,0,0,0,0,0,0,0,0,0,0,0,0,0,0,0,0,0,0,0,0,0,0,0,0,0,0,0,0,0,0,0,0,0,0,0,0,0,0,0,0,0,0,0,0,0,0,0,0,0,0,0,0,0,0,0,0,0,0,0,0,0,0,0,0,0,0,0,0,0,0,0,0,0,0,0,0,0,0,0,0,0,0,0,0,0,0,0,0,0,0,0,0,0,0,0,0,0,0,0,0,0,0,0,0,0,0,0,0,0,0,0
ATR Length for Trailing Stop,26,5,100,int,ATR period for trailing,5,5,5,5,5,5,5,5,5,5,5,5,5,5,5,5,5,5,5,5,5,5,5,5,5,5,5,5,5,5,5,5,5,5,5,5,5,5,5,5,5,5,5,5,5,5,5,5,5,5,5,5,5,5,5,5,5,5,5,5,5,5,5,5,5,5,5,5,5,5,5,5,5,5,5,5,5,5,5,5,5,5,5,5,5,5,5,5,5,6,5,5,5,5,5,5,5,5,5,5,5,5,5,5,5,5,5,5,5,5,5,5,5,5,5,5,5,5,5,5,5,5,5,5,5,5,5,5,5,5,5,5,5,5,5,5,5,5,5,5,5,5,5,5,5,5,5,5,6,5,6,5,5,5,5,5,5,5,5,5,5,5,5,5,5,5,5,5,5,5,5,5,5,5,5,5,5,5,5,5,5,5,5,5,5,5,5,5,5,5,5,5,5,5
ATR Multiplier for Trailing Stop,2,0.5,4.5,float,Trailing stop ATR multiplier - reduced max to prevent overfitting,1.8611,1.8463,1.5072,1.5072,1.5169,1.5169,1.9211,1.9915,0.9945,1.9911,2.1334,1.5462,2.3816,1.994,2.2757,2.1856,2.1856,1.9414,1.9048,1.5072,3.2732,2.0371,2.3934,2.878,2.2736,2.7808,2.878,1.4629,2.878,3.1747,1.5039,1.5542,1.7093,1.7486,2.676,1.8463,2.676,2.4673,2.5281,2.5062,2.5062,1.9468,1.904,2.7161,1.6417,3.0341,1.6712,2.7808,2.4216,1.9974,2.5625,1.9974,1.4536,2.5501,1.714,1.5962,2.2621,0.5,2.3714,2.4547,2.0932,2.271,2.2895,2.2802,2.271,2.6751,2.5718,1.938,2.2363,2.8174,2.5084,2.2363,2.5021,2.3695,2.3925,2.603,2.2783,2.603,2.603,2.5804,1.5508,2.5204,1.9559,2.5113,2.6234,0.717,2.4144,2.3691,2.5193,1.7726,2.5084,2.3587,2.7241,2.3464,0.9469,1.1776,0.9606,2.5637,0.7341,2.0664,1.3928,1.8848,2.2262,2.7326,1.9211,2.7822,1.9496,2.9162,2.458,2.4645,2.0007,2.4547,1.379,2.3434,2.4793,2.5858,1.4713,2.6811,2.4945,2.9162,2.0007,2.3586,2.0519,2.383,2.5461,2.4859,2.3785,2.3149,0.9639,2.3586,1.2419,2.3128,2.4095,2.3133,1.9434,2.2521,2.5204,2.4664,1.8496,1.451,2.8181,1.7114,2.5001,2.5064,2.7378,2.4737,2.4791,2.5875,2.801,2.5064,2.6255,2.1735,1.8752,2.5833,1.5482,2.4998,2.2324,1.5482,2.701,2.7378,2.7378,2.5986,2.2418,2.1754,2.4346,2.3313,2.478,2.1863,2.6598,2.1599,2.5986,2.3321,2.2737,2.4285,2.2737,2.8937,2.7059,2.4104,2.4573,2.2501,2.8174,2.2572,2.4588,1.9434,2.485,2.6506,2.4588,2.7646,2.4291,2.3313,2.1832,2.4684,2.2638,2.4147
Trailing Delay (bars),5,0,20,int,"Bars before trailing stop begins tightening (0 = immediate, max 7 to avoid delayed trailing)",5,5,5,5,5,5,5,5,5,5,5,5,5,5,5,5,5,5,5,5,5,5,5,5,5,5,5,5,5,5,5,4,4,4,5,5,5,5,6,5,5,5,5,5,5,5,4,5,4,4,5,4,4,5,4,5,4,5,4,5,5,5,4,4,5,5,5,4,5,5,5,5,5,5,5,4,5,4,4,5,4,5,4,5,5,4,5,5,5,5,5,5,5,5,4,4,4,5,4,4,4,4,4,5,5,5,4,5,4,5,5,5,4,5,5,5,5,4,7,5,5,4,5,4,4,4,5,5,4,4,4,5,5,5,5,4,5,5,4,4,4,5,5,4,5,5,4,5,5,4,5,4,4,5,4,4,5,4,5,5,5,5,5,5,5,5,5,5,5,4,4,5,4,4,4,5,5,5,5,5,5,4,5,6,5,5,5,5,5,5,4,5,5,5
=== GA CRITERIA ===,,,,,,,,,,,,,,,,,,,,,,,,,,,,,,,,,,,,,,,,,,,,,,,,,,,,,,,,,,,,,,,,,,,,,,,,,,,,,,,,,,,,,,,,,,,,,,,,,,,,,,,,,,,,,,,,,,,,,,,,,,,,,,,,,,,,,,,,,,,,,,,,,,,,,,,,,,,,,,,,,,,,,,,,,,,,,,,,,,,,,,,,,,,,,,,,,,,,,,,
POP_SIZE,150,100,150,int,Population size - reduced to prevent overfitting,,,,,,,,,,,,,,,,,,,,,,,,,,,,,,,,,,,,,,,,,,,,,,,,,,,,,,,,,,,,,,,,,,,,,,,,,,,,,,,,,,,,,,,,,,,,,,,,,,,,,,,,,,,,,,,,,,,,,,,,,,,,,,,,,,,,,,,,,,,,,,,,,,,,,,,,,,,,,,,,,,,,,,,,,,,,,,,,,,,,,,,,,,,,,,,,,,
NUM_GEN,100,50,75,int,Number of generations - reduced to prevent overfitting,,,,,,,,,,,,,,,,,,,,,,,,,,,,,,,,,,,,,,,,,,,,,,,,,,,,,,,,,,,,,,,,,,,,,,,,,,,,,,,,,,,,,,,,,,,,,,,,,,,,,,,,,,,,,,,,,,,,,,,,,,,,,,,,,,,,,,,,,,,,,,,,,,,,,,,,,,,,,,,,,,,,,,,,,,,,,,,,,,,,,,,,,,,,,,,,,,
CX_PB,0.7,0.5,0.9,float,Crossover probability,,,,,,,,,,,,,,,,,,,,,,,,,,,,,,,,,,,,,,,,,,,,,,,,,,,,,,,,,,,,,,,,,,,,,,,,,,,,,,,,,,,,,,,,,,,,,,,,,,,,,,,,,,,,,,,,,,,,,,,,,,,,,,,,,,,,,,,,,,,,,,,,,,,,,,,,,,,,,,,,,,,,,,,,,,,,,,,,,,,,,,,,,,,,,,,,,,
MUT_PB,0.4,0.2,0.5,float,Mutation probability (increased from 0.35 for more exploration),,,,,,,,,,,,,,,,,,,,,,,,,,,,,,,,,,,,,,,,,,,,,,,,,,,,,,,,,,,,,,,,,,,,,,,,,,,,,,,,,,,,,,,,,,,,,,,,,,,,,,,,,,,,,,,,,,,,,,,,,,,,,,,,,,,,,,,,,,,,,,,,,,,,,,,,,,,,,,,,,,,,,,,,,,,,,,,,,,,,,,,,,,,,,,,,,,
MUT_MU,0,-1,1,float,Mutation mean,,,,,,,,,,,,,,,,,,,,,,,,,,,,,,,,,,,,,,,,,,,,,,,,,,,,,,,,,,,,,,,,,,,,,,,,,,,,,,,,,,,,,,,,,,,,,,,,,,,,,,,,,,,,,,,,,,,,,,,,,,,,,,,,,,,,,,,,,,,,,,,,,,,,,,,,,,,,,,,,,,,,,,,,,,,,,,,,,,,,,,,,,,,,,,,,,,
MUT_SIGMA,0.25,0.1,0.4,float,Mutation std dev,,,,,,,,,,,,,,,,,,,,,,,,,,,,,,,,,,,,,,,,,,,,,,,,,,,,,,,,,,,,,,,,,,,,,,,,,,,,,,,,,,,,,,,,,,,,,,,,,,,,,,,,,,,,,,,,,,,,,,,,,,,,,,,,,,,,,,,,,,,,,,,,,,,,,,,,,,,,,,,,,,,,,,,,,,,,,,,,,,,,,,,,,,,,,,,,,,
TARGET_TRADES_DAY,5,1,4,int,Ideal trades/day - reduced to be more realistic for combined filters,,,,,,,,,,,,,,,,,,,,,,,,,,,,,,,,,,,,,,,,,,,,,,,,,,,,,,,,,,,,,,,,,,,,,,,,,,,,,,,,,,,,,,,,,,,,,,,,,,,,,,,,,,,,,,,,,,,,,,,,,,,,,,,,,,,,,,,,,,,,,,,,,,,,,,,,,,,,,,,,,,,,,,,,,,,,,,,,,,,,,,,,,,,,,,,,,,
TRADES_PENALTY_WEIGHT,0.3,0.1,0.8,float,Penalty for excess trades - reduced to be less restrictive,,,,,,,,,,,,,,,,,,,,,,,,,,,,,,,,,,,,,,,,,,,,,,,,,,,,,,,,,,,,,,,,,,,,,,,,,,,,,,,,,,,,,,,,,,,,,,,,,,,,,,,,,,,,,,,,,,,,,,,,,,,,,,,,,,,,,,,,,,,,,,,,,,,,,,,,,,,,,,,,,,,,,,,,,,,,,,,,,,,,,,,,,,,,,,,,,,
DD_WEIGHT,0.5,0.2,0.8,float,Drawdown penalty weight - increased to prioritize risk management,,,,,,,,,,,,,,,,,,,,,,,,,,,,,,,,,,,,,,,,,,,,,,,,,,,,,,,,,,,,,,,,,,,,,,,,,,,,,,,,,,,,,,,,,,,,,,,,,,,,,,,,,,,,,,,,,,,,,,,,,,,,,,,,,,,,,,,,,,,,,,,,,,,,,,,,,,,,,,,,,,,,,,,,,,,,,,,,,,,,,,,,,,,,,,,,,,
DATA_SPLITS,0.65,0.6,0.7,float,In-sample fraction per period - 60-70% for better generalization (30-40% OOS),,,,,,,,,,,,,,,,,,,,,,,,,,,,,,,,,,,,,,,,,,,,,,,,,,,,,,,,,,,,,,,,,,,,,,,,,,,,,,,,,,,,,,,,,,,,,,,,,,,,,,,,,,,,,,,,,,,,,,,,,,,,,,,,,,,,,,,,,,,,,,,,,,,,,,,,,,,,,,,,,,,,,,,,,,,,,,,,,,,,,,,,,,,,,,,,,,
DATA_SIZE,0,0,10000000,int,Rows to subsample (0 = full dataset),,,,,,,,,,,,,,,,,,,,,,,,,,,,,,,,,,,,,,,,,,,,,,,,,,,,,,,,,,,,,,,,,,,,,,,,,,,,,,,,,,,,,,,,,,,,,,,,,,,,,,,,,,,,,,,,,,,,,,,,,,,,,,,,,,,,,,,,,,,,,,,,,,,,,,,,,,,,,,,,,,,,,,,,,,,,,,,,,,,,,,,,,,,,,,,,,,
USE_INTERLEAVED_SPLIT,true,false,true,bool,Use interleaved IS/OOS periods instead of single split,,,,,,,,,,,,,,,,,,,,,,,,,,,,,,,,,,,,,,,,,,,,,,,,,,,,,,,,,,,,,,,,,,,,,,,,,,,,,,,,,,,,,,,,,,,,,,,,,,,,,,,,,,,,,,,,,,,,,,,,,,,,,,,,,,,,,,,,,,,,,,,,,,,,,,,,,,,,,,,,,,,,,,,,,,,,,,,,,,,,,,,,,,,,,,,,,,
NUM_SPLIT_PERIODS,5,3,7,int,Number of alternating periods (IS-OOS-IS-OOS-IS) - odd number recommended,,,,,,,,,,,,,,,,,,,,,,,,,,,,,,,,,,,,,,,,,,,,,,,,,,,,,,,,,,,,,,,,,,,,,,,,,,,,,,,,,,,,,,,,,,,,,,,,,,,,,,,,,,,,,,,,,,,,,,,,,,,,,,,,,,,,,,,,,,,,,,,,,,,,,,,,,,,,,,,,,,,,,,,,,,,,,,,,,,,,,,,,,,,,,,,,,,
MIN_TRADES_DAY,2,0.5,2,float,MUST have at least 0.1 trades/day (approx 1 per 2 weeks) - relaxed for combined logic,,,,,,,,,,,,,,,,,,,,,,,,,,,,,,,,,,,,,,,,,,,,,,,,,,,,,,,,,,,,,,,,,,,,,,,,,,,,,,,,,,,,,,,,,,,,,,,,,,,,,,,,,,,,,,,,,,,,,,,,,,,,,,,,,,,,,,,,,,,,,,,,,,,,,,,,,,,,,,,,,,,,,,,,,,,,,,,,,,,,,,,,,,,,,,,,,,
MIN_TRADES_PEN_WEIGHT,-500,-200,-50,float,Scalar penalty — zero trades = -50 (Less harsh death penalty),,,,,,,,,,,,,,,,,,,,,,,,,,,,,,,,,,,,,,,,,,,,,,,,,,,,,,,,,,,,,,,,,,,,,,,,,,,,,,,,,,,,,,,,,,,,,,,,,,,,,,,,,,,,,,,,,,,,,,,,,,,,,,,,,,,,,,,,,,,,,,,,,,,,,,,,,,,,,,,,,,,,,,,,,,,,,,,,,,,,,,,,,,,,,,,,,,
NORM_SORTINO_MAX,10,5,20,float,Normalization range for Sortino Ratio (used in fitness calculation),,,,,,,,,,,,,,,,,,,,,,,,,,,,,,,,,,,,,,,,,,,,,,,,,,,,,,,,,,,,,,,,,,,,,,,,,,,,,,,,,,,,,,,,,,,,,,,,,,,,,,,,,,,,,,,,,,,,,,,,,,,,,,,,,,,,,,,,,,,,,,,,,,,,,,,,,,,,,,,,,,,,,,,,,,,,,,,,,,,,,,,,,,,,,,,,,,
NORM_DD_MAX,50000,50000,200000,float,Normalization range for Max Drawdown in dollars (used in fitness calculation),,,,,,,,,,,,,,,,,,,,,,,,,,,,,,,,,,,,,,,,,,,,,,,,,,,,,,,,,,,,,,,,,,,,,,,,,,,,,,,,,,,,,,,,,,,,,,,,,,,,,,,,,,,,,,,,,,,,,,,,,,,,,,,,,,,,,,,,,,,,,,,,,,,,,,,,,,,,,,,,,,,,,,,,,,,,,,,,,,,,,,,,,,,,,,,,,,
NORM_PF_MAX,5,3,10,float,Normalization range for Profit Factor (used in fitness calculation),,,,,,,,,,,,,,,,,,,,,,,,,,,,,,,,,,,,,,,,,,,,,,,,,,,,,,,,,,,,,,,,,,,,,,,,,,,,,,,,,,,,,,,,,,,,,,,,,,,,,,,,,,,,,,,,,,,,,,,,,,,,,,,,,,,,,,,,,,,,,,,,,,,,,,,,,,,,,,,,,,,,,,,,,,,,,,,,,,,,,,,,,,,,,,,,,,
NORM_TRADES_MAX,3,1,5,float,Normalization range for Avg Trades/Day (used in fitness calculation) - reduced to 3.0 for realistic expectations,,,,,,,,,,,,,,,,,,,,,,,,,,,,,,,,,,,,,,,,,,,,,,,,,,,,,,,,,,,,,,,,,,,,,,,,,,,,,,,,,,,,,,,,,,,,,,,,,,,,,,,,,,,,,,,,,,,,,,,,,,,,,,,,,,,,,,,,,,,,,,,,,,,,,,,,,,,,,,,,,,,,,,,,,,,,,,,,,,,,,,,,,,,,,,,,,,
NORM_PNL_MAX,600000,100000,1000000,float,Normalization range for Total Profit in dollars (used in fitness calculation) - increased to prevent maxing out,,,,,,,,,,,,,,,,,,,,,,,,,,,,,,,,,,,,,,,,,,,,,,,,,,,,,,,,,,,,,,,,,,,,,,,,,,,,,,,,,,,,,,,,,,,,,,,,,,,,,,,,,,,,,,,,,,,,,,,,,,,,,,,,,,,,,,,,,,,,,,,,,,,,,,,,,,,,,,,,,,,,,,,,,,,,,,,,,,,,,,,,,,,,,,,,,,
NORM_PROFIT_TRADE_MAX,100,100,500,float,Normalization range for Avg Profit Per Trade (used in fitness calculation),,,,,,,,,,,,,,,,,,,,,,,,,,,,,,,,,,,,,,,,,,,,,,,,,,,,,,,,,,,,,,,,,,,,,,,,,,,,,,,,,,,,,,,,,,,,,,,,,,,,,,,,,,,,,,,,,,,,,,,,,,,,,,,,,,,,,,,,,,,,,,,,,,,,,,,,,,,,,,,,,,,,,,,,,,,,,,,,,,,,,,,,,,,,,,,,,,
MIN_WIN_RATE,0.4,0.3,0.5,float,Minimum win rate threshold (hard constraint - strategies below this are eliminated),,,,,,,,,,,,,,,,,,,,,,,,,,,,,,,,,,,,,,,,,,,,,,,,,,,,,,,,,,,,,,,,,,,,,,,,,,,,,,,,,,,,,,,,,,,,,,,,,,,,,,,,,,,,,,,,,,,,,,,,,,,,,,,,,,,,,,,,,,,,,,,,,,,,,,,,,,,,,,,,,,,,,,,,,,,,,,,,,,,,,,,,,,,,,,,,,,
SORTINO_CAP,10,5,20,float,Maximum Sortino value before capping (prevents unrealistic values),,,,,,,,,,,,,,,,,,,,,,,,,,,,,,,,,,,,,,,,,,,,,,,,,,,,,,,,,,,,,,,,,,,,,,,,,,,,,,,,,,,,,,,,,,,,,,,,,,,,,,,,,,,,,,,,,,,,,,,,,,,,,,,,,,,,,,,,,,,,,,,,,,,,,,,,,,,,,,,,,,,,,,,,,,,,,,,,,,,,,,,,,,,,,,,,,,
=== SOLUTION STATISTICS ===,,,,,,,,,,,,,,,,,,,,,,,,,,,,,,,,,,,,,,,,,,,,,,,,,,,,,,,,,,,,,,,,,,,,,,,,,,,,,,,,,,,,,,,,,,,,,,,,,,,,,,,,,,,,,,,,,,,,,,,,,,,,,,,,,,,,,,,,,,,,,,,,,,,,,,,,,,,,,,,,,,,,,,,,,,,,,,,,,,,,,,,,,,,,,,,,,,,,,,,
Sortino Ratio,,,,statistic,Sortino Ratio for each solution,0.0297,0.0252,0.0234,0.0234,0.0220,0.0220,0.0220,0.0220,0.0219,0.0218,0.0218,0.0217,0.0215,0.0212,0.0212,0.0211,0.0211,0.0210,0.0206,0.0204,0.0202,0.0202,0.0201,0.0199,0.0199,0.0197,0.0195,0.0193,0.0192,0.0191,0.0191,0.0189,0.0189,0.0189,0.0189,0.0185,0.0182,0.0181,0.0181,0.0177,0.0177,0.0176,0.0175,0.0174,0.0170,0.0169,0.0169,0.0169,0.0167,0.0166,0.0166,0.0166,0.0164,0.0164,0.0164,0.0161,0.0157,0.0156,0.0155,0.0154,0.0154,0.0153,0.0152,0.0152,0.0152,0.0152,0.0148,0.0146,0.0146,0.0144,0.0142,0.0140,0.0139,0.0139,0.0138,0.0138,0.0138,0.0138,0.0138,0.0138,0.0137,0.0137,0.0134,0.0130,0.0127,0.0126,0.0125,0.0123,0.0121,0.0118,0.0117,0.0116,0.0116,0.0115,0.0115,0.0115,0.0115,0.0114,0.0111,0.0110,0.0110,0.0108,0.0107,0.0107,0.0106,0.0104,0.0103,0.0101,0.0100,0.0100,0.0099,0.0099,0.0099,0.0099,0.0099,0.0098,0.0098,0.0098,0.0098,0.0097,0.0096,0.0096,0.0095,0.0095,0.0094,0.0093,0.0091,0.0090,0.0088,0.0087,0.0087,0.0085,0.0083,0.0081,0.0080,0.0080,0.0080,0.0080,0.0080,0.0079,0.0078,0.0077,0.0075,0.0075,0.0075,0.0073,0.0072,0.0072,0.0072,0.0071,0.0066,0.0064,0.0062,0.0060,0.0055,0.0054,0.0050,0.0047,0.0047,0.0047,0.0045,0.0045,0.0043,0.0042,0.0042,0.0041,0.0040,0.0040,0.0039,0.0037,0.0037,0.0035,0.0033,0.0033,0.0031,0.0030,0.0029,0.0027,0.0026,0.0023,0.0022,0.0020,0.0020,0.0019,0.0019,0.0016,0.0016,0.0010,0.0008,0.0007,0.0005,0.0005,0.0004,0.0000
Max Drawdown ($),,,,statistic,Max Drawdown ($) for each solution,$0.85,$0.85,$0.70,$0.70,$0.84,$0.84,$0.84,$0.80,$0.84,$0.87,$0.85,$0.86,$0.93,$0.86,$0.86,$0.82,$0.82,$0.85,$0.79,$0.80,$0.78,$0.80,$0.79,$0.87,$0.78,$0.78,$0.87,$0.80,$0.87,$0.89,$0.91,$0.83,$0.72,$0.72,$0.69,$0.76,$0.65,$0.80,$0.82,$0.86,$0.89,$0.78,$0.72,$0.89,$0.78,$0.93,$0.86,$0.68,$0.74,$0.78,$0.72,$0.76,$0.74,$0.77,$0.93,$0.80,$0.97,$0.78,$0.82,$0.73,$0.77,$0.77,$0.92,$0.76,$0.71,$0.90,$0.78,$0.87,$0.74,$0.76,$0.79,$0.74,$0.69,$0.81,$1.00,$0.86,$0.76,$0.92,$0.95,$0.72,$0.81,$0.77,$0.89,$0.95,$0.80,$0.78,$0.75,$0.89,$0.84,$0.85,$0.79,$0.94,$0.71,$0.89,$0.86,$0.90,$0.90,$0.88,$0.88,$0.74,$0.91,$0.73,$0.86,$0.81,$0.98,$0.96,$0.80,$1.06,$0.94,$1.05,$0.93,$0.71,$0.89,$1.12,$0.93,$0.92,$0.96,$0.73,$0.80,$1.06,$0.90,$0.85,$0.84,$0.78,$0.91,$0.80,$1.15,$0.91,$0.91,$0.82,$1.03,$0.79,$0.93,$0.77,$1.05,$0.93,$0.88,$1.26,$1.00,$0.96,$0.89,$0.84,$0.96,$0.91,$0.87,$0.91,$0.87,$0.90,$0.84,$0.97,$0.84,$0.95,$0.90,$1.01,$0.93,$0.91,$0.92,$0.99,$0.94,$0.87,$0.84,$0.84,$1.26,$0.94,$1.01,$0.84,$1.03,$1.13,$1.09,$1.44,$1.44,$1.09,$1.41,$0.92,$1.24,$1.15,$0.98,$1.22,$0.88,$1.02,$1.12,$0.87,$1.22,$1.05,$0.95,$0.88,$1.22,$1.00,$1.25,$1.05,$1.00,$1.03,$1.25,$1.15
Profit Factor,,,,statistic,Profit Factor for each solution,0.1909,0.1687,0.1720,0.1720,0.2059,0.2059,0.2059,0.2052,0.2036,0.2054,0.2054,0.1829,0.2078,0.2028,0.2044,0.2080,0.2080,0.1879,0.2092,0.1708,0.1842,0.2061,0.1970,0.1789,0.2090,0.1837,0.1788,0.2092,0.1786,0.2093,0.1941,0.2043,0.2036,0.2036,0.2069,0.1653,0.2063,0.2079,0.1975,0.1860,0.1860,0.2071,0.1841,0.2082,0.2082,0.2063,0.2083,0.1820,0.1976,0.1943,0.2052,0.1946,0.2009,0.2070,0.1539,0.1906,0.2072,0.1994,0.2071,0.2074,0.2075,0.2053,0.2070,0.2063,0.2053,0.1875,0.1620,0.1978,0.1839,0.2027,0.1447,0.1836,0.1656,0.2067,0.2065,0.1522,0.2067,0.1519,0.1588,0.2018,0.2070,0.2065,0.1952,0.2076,0.1355,0.1791,0.2056,0.1944,0.1439,0.1909,0.1436,0.2052,0.2039,0.2057,0.1747,0.1593,0.1593,0.2017,0.1509,0.2047,0.1556,0.2004,0.1836,0.1653,0.2005,0.2050,0.2028,0.2047,0.2049,0.1913,0.2038,0.2049,0.1705,0.2047,0.2050,0.2048,0.1840,0.1809,0.1957,0.2045,0.2038,0.1859,0.2036,0.1672,0.2046,0.2047,0.1833,0.1962,0.1460,0.1756,0.2041,0.2030,0.2023,0.2039,0.1878,0.1822,0.1989,0.2031,0.1915,0.1694,0.2036,0.1876,0.2045,0.1654,0.2019,0.2038,0.2022,0.2034,0.1855,0.1525,0.1860,0.1741,0.1667,0.1994,0.1807,0.2009,0.1965,0.1840,0.2023,0.2003,0.2002,0.1821,0.2023,0.1839,0.2021,0.2006,0.1840,0.2022,0.2019,0.2019,0.2019,0.2018,0.2022,0.1827,0.2017,0.1906,0.2016,0.1747,0.1957,0.1838,0.1810,0.1956,0.2011,0.1849,0.2010,0.1716,0.2009,0.1897,0.2002,0.1978,0.1924,0.1982,0.1742,0.1982
Avg Trades/Day,,,,statistic,Avg Trades/Day for each solution,0.670,0.682,0.707,0.707,0.686,0.686,0.686,0.679,0.684,0.678,0.679,0.674,0.674,0.687,0.699,0.672,0.672,0.675,0.668,0.727,0.667,0.710,0.669,0.674,0.698,0.683,0.684,0.724,0.685,0.690,0.709,0.679,0.699,0.699,0.701,0.710,0.712,0.770,0.817,0.721,0.720,0.714,0.675,0.760,0.756,0.751,0.727,0.694,0.728,0.774,0.721,0.774,0.715,0.730,0.751,0.761,0.776,0.744,0.791,0.761,0.747,0.745,0.772,0.790,0.736,0.737,0.712,0.798,0.744,0.727,0.728,0.746,0.739,0.791,0.835,0.730,0.809,0.734,0.733,0.742,0.805,0.768,0.831,0.828,0.730,0.841,0.799,0.822,0.731,0.824,0.744,0.811,0.728,0.825,0.859,0.844,0.844,0.820,0.845,0.821,0.847,0.791,0.853,0.794,0.829,0.840,0.841,0.897,0.834,0.849,0.860,0.793,0.865,0.841,0.847,0.841,0.852,0.768,0.850,0.898,0.838,0.861,0.841,0.830,0.860,0.828,0.866,0.851,0.865,0.861,0.882,0.839,0.871,0.848,0.880,0.886,0.858,0.915,0.861,0.890,0.849,0.866,0.922,0.879,0.883,0.849,0.866,0.860,0.881,0.879,0.880,0.893,0.907,0.932,0.933,0.887,0.885,0.932,0.861,0.887,0.894,0.880,0.932,0.959,0.927,0.875,0.938,0.933,0.931,0.938,0.938,0.951,0.952,0.934,0.966,0.955,0.925,0.978,0.898,0.973,0.969,0.899,0.956,0.952,0.915,0.903,0.958,0.971,0.969,0.987,0.964,0.932,1.000,0.956
Total Profit (norm),,,,statistic,Total Profit (norm) for each solution,0.2084,0.2030,0.1879,0.1879,0.1405,0.1405,0.1405,0.1450,0.1454,0.1432,0.1430,0.1567,0.1360,0.1301,0.1414,0.1355,0.1355,0.1466,0.1258,0.1689,0.1414,0.1322,0.1344,0.1471,0.1265,0.1430,0.1465,0.1267,0.1440,0.1215,0.1330,0.1266,0.1239,0.1239,0.1220,0.1529,0.1158,0.1144,0.1260,0.1328,0.1328,0.1145,0.1227,0.1134,0.1166,0.1180,0.1114,0.1183,0.1184,0.1178,0.1101,0.1171,0.1112,0.1043,0.1450,0.1211,0.1048,0.1100,0.1026,0.1048,0.1026,0.1029,0.1005,0.1051,0.1013,0.1189,0.1275,0.1036,0.1099,0.1052,0.1374,0.1056,0.1179,0.0977,0.0968,0.1279,0.0950,0.1282,0.1224,0.0942,0.0987,0.0913,0.1016,0.1041,0.1309,0.1026,0.0827,0.0903,0.1199,0.0939,0.1157,0.0778,0.0781,0.0811,0.0974,0.1059,0.1059,0.0768,0.1082,0.0773,0.1043,0.0781,0.0848,0.0985,0.0717,0.0735,0.0741,0.0719,0.0706,0.0765,0.0718,0.0702,0.0865,0.0696,0.0722,0.0700,0.0782,0.0784,0.0788,0.0692,0.0712,0.0756,0.0687,0.0854,0.0685,0.0695,0.0737,0.0681,0.0898,0.0726,0.0606,0.0621,0.0607,0.0583,0.0627,0.0659,0.0477,0.0599,0.0618,0.0680,0.0558,0.0617,0.0633,0.0684,0.0598,0.0533,0.0540,0.0508,0.0637,0.0690,0.0588,0.0428,0.0576,0.0484,0.0483,0.0410,0.0427,0.0407,0.0339,0.0375,0.0364,0.0401,0.0341,0.0365,0.0309,0.0331,0.0390,0.0318,0.0291,0.0290,0.0290,0.0277,0.0306,0.0296,0.0252,0.0277,0.0228,0.0278,0.0216,0.0196,0.0221,0.0160,0.0164,0.0164,0.0145,0.0156,0.0127,0.0094,0.0065,0.0065,0.0045,0.0045,0.0038,0.0002
Solution Rank,,,,statistic,Rank by Sortino (0 = highest),#0 (SELECTED),#1,#2,#3,#4,#5,#6,#7,#8,#9,#10,#11,#12,#13,#14,#15,#16,#17,#18,#19,#20,#21,#22,#23,#24,#25,#26,#27,#28,#29,#30,#31,#32,#33,#34,#35,#36,#37,#38,#39,#40,#41,#42,#43,#44,#45,#46,#47,#48,#49,#50,#51,#52,#53,#54,#55,#56,#57,#58,#59,#60,#61,#62,#63,#64,#65,#66,#67,#68,#69,#70,#71,#72,#73,#74,#75,#76,#77,#78,#79,#80,#81,#82,#83,#84,#85,#86,#87,#88,#89,#90,#91,#92,#93,#94,#95,#96,#97,#98,#99,#100,#101,#102,#103,#104,#105,#106,#107,#108,#109,#110,#111,#112,#113,#114,#115,#116,#117,#118,#119,#120,#121,#122,#123,#124,#125,#126,#127,#128,#129,#130,#131,#132,#133,#134,#135,#136,#137,#138,#139,#140,#141,#142,#143,#144,#145,#146,#147,#148,#149,#150,#151,#152,#153,#154,#155,#156,#157,#158,#159,#160,#161,#162,#163,#164,#165,#166,#167,#168,#169,#170,#171,#172,#173,#174,#175,#176,#177,#178,#179,#180,#181,#182,#183,#184,#185,#186,#187,#188,#189,#190,#191,#192,#193
