entry_time,entry_price,direction,stop,tp,target_vwap,bars_held,highest_high,lowest_low,exit_time,exit_price,pnl,reason,cum_pnl,peak,drawdown,year_month
2020-01-27 15:11:00,3498.3,-1,3508.2783692515004,3493.31081537425,3498.3,0,-1.0,3498.3,2020-01-27 15:46:59,3495.8,110.0,RTH Exit,110.0,110.0,0.0,2020-01
2020-02-26 10:42:00,3360.2,1,3350.2216307484996,3365.18918462575,3360.2,0,3360.2,999999.0,2020-02-26 11:03:59,3348.3,-609.9999999999818,Stop Loss,-499.9999999999818,110.0,609.9999999999818,2020-02
2020-03-05 13:18:00,3255.0,1,3245.0216307485,3259.98918462575,3255.0,0,3255.0,999999.0,2020-03-05 14:14:59,3259.98918462575,234.45923128750565,Take Profit,-265.54076871247617,110.0,375.54076871247617,2020-03
2020-03-05 14:14:00,3262.3,1,3252.3216307485,3267.2891846257503,3262.3,0,3262.3,999999.0,2020-03-05 14:21:59,3267.2891846257503,234.45923128750565,Take Profit,-31.08153742497052,110.0,141.08153742497052,2020-03
2020-03-06 10:25:00,3148.8,1,3138.8216307485,3153.7891846257503,3148.8,0,3148.8,999999.0,2020-03-06 10:32:59,3161.3,610.0,Stop Loss,578.9184625750295,578.9184625750295,0.0,2020-03
2020-03-10 10:33:00,3004.09,1,2994.1116307485,3009.0791846257503,3004.09,0,3004.09,999999.0,2020-03-10 10:40:59,3009.0791846257503,234.45923128750565,Take Profit,813.3776938625351,813.3776938625351,0.0,2020-03
2020-03-10 10:54:00,3037.05,-1,3047.0283692515004,3032.06081537425,3037.05,0,-1.0,3037.05,2020-03-10 11:01:59,3032.06081537425,234.45923128750565,Take Profit,1047.8369251500408,1047.8369251500408,0.0,2020-03
2020-03-11 10:35:00,2947.06,1,2937.0816307484997,2952.04918462575,2947.06,0,2947.06,999999.0,2020-03-11 10:42:59,2952.04918462575,234.45923128750565,Take Profit,1282.2961564375464,1282.2961564375464,0.0,2020-03
2020-03-11 10:42:00,2957.82,1,2947.8416307485,2962.8091846257503,2957.82,0,2957.82,999999.0,2020-03-11 10:49:59,2941.3,-840.9999999999991,Stop Loss,441.2961564375473,1282.2961564375464,840.9999999999991,2020-03
2020-03-11 11:31:00,2939.8,1,2929.8216307485,2944.7891846257503,2939.8,0,2939.8,999999.0,2020-03-11 11:38:59,2944.7891846257503,234.45923128750565,Take Profit,675.755387725053,1282.2961564375464,606.5407687124934,2020-03
2020-03-11 11:38:00,2952.71,1,2942.7316307485,2957.69918462575,2952.71,0,2952.71,999999.0,2020-03-11 11:45:59,2957.69918462575,234.45923128750565,Take Profit,910.2146190125586,1282.2961564375464,372.0815374249878,2020-03
2020-03-11 11:45:00,2953.25,1,2943.2716307485,2958.23918462575,2953.25,0,2953.25,999999.0,2020-03-11 11:52:59,2951.52,-101.50000000000091,Stop Loss,808.7146190125577,1282.2961564375464,473.5815374249887,2020-03
2020-03-11 11:52:00,2953.52,1,2943.5416307484998,2958.50918462575,2953.52,0,2953.52,999999.0,2020-03-11 11:59:59,2944.8,-450.99999999999,Stop Loss,357.7146190125677,1282.2961564375464,924.5815374249787,2020-03
2020-03-11 12:06:00,2947.33,1,2937.3516307484997,2952.31918462575,2947.33,0,2947.33,999999.0,2020-03-11 12:13:59,2952.31918462575,234.45923128750565,Take Profit,592.1738503000734,1282.2961564375464,690.1223061374731,2020-03
2020-03-11 12:13:00,2949.75,1,2939.7716307485,2954.73918462575,2949.75,0,2949.75,999999.0,2020-03-11 12:41:59,2954.73918462575,234.45923128750565,Take Profit,826.633081587579,1282.2961564375464,455.6630748499674,2020-03
2020-03-11 12:41:00,2956.75,1,2946.7716307485,2961.73918462575,2956.75,0,2956.75,999999.0,2020-03-11 13:02:59,2948.02,-451.5000000000009,Stop Loss,375.1330815875781,1282.2961564375464,907.1630748499683,2020-03
2020-03-11 13:02:00,2950.02,1,2940.0416307484998,2955.00918462575,2950.02,0,2950.02,999999.0,2020-03-11 14:05:59,2955.00918462575,234.45923128750565,Take Profit,609.5923128750837,1282.2961564375464,672.7038435624627,2020-03
2020-03-11 14:05:00,2957.02,1,2947.0416307484998,2962.00918462575,2957.02,0,2957.02,999999.0,2020-03-11 14:12:59,2962.00918462575,234.45923128750565,Take Profit,844.0515441625894,1282.2961564375464,438.24461227495703,2020-03
2020-03-11 14:12:00,2969.39,1,2959.4116307484996,2974.37918462575,2969.39,0,2969.39,999999.0,2020-03-11 14:19:59,2974.37918462575,234.45923128750565,Take Profit,1078.510775450095,1282.2961564375464,203.7853809874514,2020-03
2020-03-17 13:00:00,2695.21,-1,2705.1883692515003,2690.22081537425,2695.21,0,-1.0,2695.21,2020-03-17 14:03:59,2705.92,-550.5000000000018,Stop Loss,528.0107754500932,1282.2961564375464,754.2853809874532,2020-03
2020-03-17 14:10:00,2699.02,-1,2708.9983692515,2694.03081537425,2699.02,0,-1.0,2699.02,2020-03-17 14:17:59,2694.03081537425,234.45923128750565,Take Profit,762.4700067375989,1282.2961564375464,519.8261496999476,2020-03
2020-03-17 14:17:00,2693.57,-1,2703.5483692515004,2688.58081537425,2693.57,0,-1.0,2693.57,2020-03-17 14:24:59,2688.58081537425,234.45923128750565,Take Profit,996.9292380251045,1282.2961564375464,285.3669184124419,2020-03
2020-03-17 14:38:00,2691.67,-1,2701.6483692515003,2686.68081537425,2691.67,0,-1.0,2691.67,2020-03-17 14:45:59,2686.68081537425,234.45923128750565,Take Profit,1231.3884693126101,1282.2961564375464,50.907687124936274,2020-03
2020-03-17 14:59:00,2669.97,1,2659.9916307484996,2674.95918462575,2669.97,0,2669.97,999999.0,2020-03-17 15:06:59,2660.07,-509.9999999999818,Stop Loss,721.3884693126283,1282.2961564375464,560.9076871249181,2020-03
2020-03-23 11:41:00,2397.87,1,2387.8916307484997,2402.85918462575,2397.87,0,2397.87,999999.0,2020-03-23 11:48:59,2402.85918462575,234.45923128750565,Take Profit,955.847700600134,1282.2961564375464,326.44845583741244,2020-03
2020-03-23 11:48:00,2408.22,1,2398.2416307484996,2413.20918462575,2408.22,0,2408.22,999999.0,2020-03-23 11:55:59,2442.45,1696.500000000001,Stop Loss,2652.347700600135,2652.347700600135,0.0,2020-03
2020-03-23 11:55:00,2444.45,1,2434.4716307484996,2449.43918462575,2444.45,0,2444.45,999999.0,2020-03-23 11:55:59,2443.45,-65.0,VWAP Exit,2587.347700600135,2652.347700600135,65.0,2020-03
2020-03-23 12:37:00,2418.57,1,2408.5916307485,2423.5591846257503,2418.57,0,2418.57,999999.0,2020-03-23 12:44:59,2423.5591846257503,234.45923128750565,Take Profit,2821.8069318876405,2821.8069318876405,0.0,2020-03
2020-03-23 12:44:00,2426.74,1,2416.7616307484996,2431.72918462575,2426.74,0,2426.74,999999.0,2020-03-23 12:51:59,2416.3,-536.99999999998,Stop Loss,2284.8069318876605,2821.8069318876405,536.99999999998,2020-03
2020-03-23 13:05:00,2416.67,1,2406.6916307485,2421.65918462575,2416.67,0,2416.67,999999.0,2020-03-23 14:01:59,2421.65918462575,234.45923128750565,Take Profit,2519.266163175166,2821.8069318876405,302.54076871247435,2020-03
2020-04-01 15:15:00,2682.5,1,2672.5216307485,2687.48918462575,2682.5,0,2682.5,999999.0,2020-04-01 15:36:59,2687.48918462575,234.45923128750565,Take Profit,2753.725394462672,2821.8069318876405,68.0815374249687,2020-04
2020-04-02 14:56:00,2739.06,-1,2749.0383692515,2734.07081537425,2739.06,0,-1.0,2739.06,2020-04-02 15:31:59,2734.07081537425,234.45923128750565,Take Profit,2988.1846257501775,2988.1846257501775,0.0,2020-04
2020-04-09 10:02:00,3037.85,-1,3047.8283692515,3032.86081537425,3037.85,0,-1.0,3037.85,2020-04-09 10:09:59,3032.86081537425,234.45923128750565,Take Profit,3222.643857037683,3222.643857037683,0.0,2020-04
2020-04-21 10:54:00,2980.75,1,2970.7716307485,2985.73918462575,2980.75,0,2980.75,999999.0,2020-04-21 11:08:59,2968.4,-632.4999999999955,Stop Loss,2590.1438570376877,3222.643857037683,632.4999999999955,2020-04
2020-04-21 11:15:00,2982.38,1,2972.4016307485,2987.36918462575,2982.38,0,2982.38,999999.0,2020-04-21 11:22:59,2987.36918462575,234.45923128750565,Take Profit,2824.6030883251933,3222.643857037683,398.0407687124898,2020-04
2020-04-21 12:04:00,2976.39,1,2966.4116307484996,2981.37918462575,2976.39,0,2976.39,999999.0,2020-04-21 14:03:59,2981.37918462575,234.45923128750565,Take Profit,3059.062319612699,3222.643857037683,163.58153742498416,2020-04
2020-04-21 15:20:00,2979.66,1,2969.6816307484996,2984.64918462575,2979.66,0,2979.66,999999.0,2020-04-21 15:41:59,2984.64918462575,234.45923128750565,Take Profit,3293.5215509002046,3293.5215509002046,0.0,2020-04
2020-05-04 10:24:00,3064.0,-1,3073.9783692515,3059.01081537425,3064.0,0,-1.0,3064.0,2020-05-04 10:45:59,3059.01081537425,234.45923128750565,Take Profit,3527.9807821877102,3527.9807821877102,0.0,2020-05
2020-05-04 11:06:00,3072.17,-1,3082.1483692515003,3067.18081537425,3072.17,0,-1.0,3072.17,2020-05-04 11:20:59,3083.16,-564.4999999999891,Stop Loss,2963.480782187721,3527.9807821877102,564.4999999999891,2020-05
2020-05-04 15:11:00,3079.8,-1,3089.7783692515004,3074.81081537425,3079.8,0,-1.0,3079.8,2020-05-04 15:46:59,3081.34,-91.99999999999818,RTH Exit,2871.480782187723,3527.9807821877102,656.4999999999873,2020-05
2020-05-19 10:26:00,3217.89,-1,3227.8683692515,3212.9008153742498,3217.89,0,-1.0,3217.89,2020-05-19 11:01:59,3212.9008153742498,234.45923128750565,Take Profit,3105.9400134752286,3527.9807821877102,422.0407687124816,2020-05
2020-05-20 14:47:00,3232.87,-1,3242.8483692515,3227.88081537425,3232.87,0,-1.0,3232.87,2020-05-20 15:22:59,3231.42,57.499999999990905,VWAP Exit,3163.4400134752195,3527.9807821877102,364.5407687124907,2020-05
2020-06-01 11:34:00,3327.93,-1,3337.9083692515,3322.9408153742497,3327.93,0,-1.0,3327.93,2020-06-01 11:41:59,3322.9408153742497,234.45923128750565,Take Profit,3397.899244762725,3527.9807821877102,130.08153742498507,2020-06
2020-06-01 11:41:00,3323.03,-1,3333.0083692515004,3318.04081537425,3323.03,0,-1.0,3323.03,2020-06-01 14:50:59,3318.04081537425,234.45923128750565,Take Profit,3632.358476050231,3632.358476050231,0.0,2020-06
2020-06-09 11:01:00,3499.8,-1,3509.7783692515004,3494.81081537425,3499.8,0,-1.0,3499.8,2020-06-09 11:50:59,3494.81081537425,234.45923128750565,Take Profit,3866.8177073377365,3866.8177073377365,0.0,2020-06
2020-06-09 11:50:00,3493.8,-1,3503.7783692515004,3488.81081537425,3493.8,0,-1.0,3493.8,2020-06-09 11:57:59,3488.81081537425,234.45923128750565,Take Profit,4101.276938625242,4101.276938625242,0.0,2020-06
2020-06-09 14:59:00,3497.34,-1,3507.3183692515004,3492.35081537425,3497.34,0,-1.0,3497.34,2020-06-09 15:20:59,3495.08,98.00000000001091,VWAP Exit,4199.276938625253,4199.276938625253,0.0,2020-06
2020-06-24 15:15:00,3374.1,1,3364.1216307484997,3379.08918462575,3374.1,0,3374.1,999999.0,2020-06-24 15:50:59,3372.55,-92.49999999998636,RTH Exit,4106.776938625267,4199.276938625253,92.49999999998636,2020-06
2020-06-25 11:12:00,3384.85,-1,3394.8283692515,3379.86081537425,3384.85,0,-1.0,3384.85,2020-06-25 11:26:59,3399.6,-752.5,Stop Loss,3354.2769386252667,4199.276938625253,844.9999999999864,2020-06
2020-07-14 10:12:00,3508.74,-1,3518.7183692515,3503.7508153742497,3508.74,0,-1.0,3508.74,2020-07-14 10:26:59,3516.29,-392.5000000000091,Stop Loss,2961.7769386252576,4199.276938625253,1237.4999999999955,2020-07
2020-07-14 10:26:00,3514.29,-1,3524.2683692515,3509.30081537425,3514.29,0,-1.0,3514.29,2020-07-14 10:47:59,3509.30081537425,234.45923128750565,Take Profit,3196.236169912763,4199.276938625253,1003.0407687124898,2020-07
2020-07-14 11:08:00,3509.85,-1,3519.8283692515,3504.86081537425,3509.85,0,-1.0,3509.85,2020-07-14 11:15:59,3504.86081537425,234.45923128750565,Take Profit,3430.695401200269,4199.276938625253,768.5815374249842,2020-07
2020-07-14 11:15:00,3503.75,-1,3513.7283692515,3498.76081537425,3503.75,0,-1.0,3503.75,2020-07-14 11:29:59,3518.5,-752.5,Stop Loss,2678.195401200269,4199.276938625253,1521.0815374249842,2020-07
2020-07-14 12:04:00,3529.81,-1,3539.7883692515,3524.82081537425,3529.81,0,-1.0,3529.81,2020-07-14 14:03:59,3561.46,-1597.5000000000045,Stop Loss,1080.6954012002643,4199.276938625253,3118.5815374249887,2020-07
2020-08-14 10:04:00,3735.74,-1,3745.7183692515,3730.7508153742497,3735.74,0,-1.0,3735.74,2020-08-14 10:46:59,3731.2,211.99999999999818,VWAP Exit,1292.6954012002625,4199.276938625253,2906.5815374249905,2020-08
2020-09-22 14:52:00,3663.45,-1,3673.4283692515,3658.4608153742497,3663.45,0,-1.0,3663.45,2020-09-22 15:48:59,3669.73,-329.00000000001,RTH Exit,963.6954012002525,4199.276938625253,3235.5815374250005,2020-09
2020-09-24 14:14:00,3611.74,-1,3621.7183692515,3606.7508153742497,3611.74,0,-1.0,3611.74,2020-09-24 15:45:59,3618.3,-343.00000000002,RTH Exit,620.6954012002325,4199.276938625253,3578.5815374250205,2020-09
2020-10-28 11:24:00,3661.0,1,3651.0216307485,3665.98918462575,3661.0,0,3661.0,999999.0,2020-10-28 11:38:59,3665.98918462575,234.45923128750565,Take Profit,855.1546324877381,4199.276938625253,3344.122306137515,2020-10
2020-10-28 14:19:00,3647.38,1,3637.4016307485,3652.36918462575,3647.38,0,3647.38,999999.0,2020-10-28 15:50:59,3648.88,60.0,RTH Exit,915.1546324877381,4199.276938625253,3284.122306137515,2020-10
2020-10-30 10:39:00,3599.0,1,3589.0216307485,3603.98918462575,3599.0,0,3599.0,999999.0,2020-10-30 10:46:59,3596.17,-156.49999999999636,Stop Loss,758.6546324877418,4199.276938625253,3440.6223061375113,2020-10
2020-10-30 11:14:00,3605.4,1,3595.4216307485,3610.38918462575,3605.4,0,3605.4,999999.0,2020-10-30 11:35:59,3592.83,-643.5000000000082,Stop Loss,115.15463248773358,4199.276938625253,4084.1223061375194,2020-10
2020-10-30 11:42:00,3605.4,1,3595.4216307485,3610.38918462575,3605.4,0,3605.4,999999.0,2020-10-30 11:49:59,3610.38918462575,234.45923128750565,Take Profit,349.6138637752392,4199.276938625253,3849.663074850014,2020-10
2020-11-06 11:00:00,3893.92,-1,3903.8983692515003,3888.93081537425,3893.92,0,-1.0,3893.92,2020-11-06 12:03:59,3904.26,-532.0000000000073,Stop Loss,-182.38613622476805,4199.276938625253,4381.663074850021,2020-11
2020-11-10 13:14:00,3946.46,-1,3956.4383692515003,3941.47081537425,3946.46,0,-1.0,3946.46,2020-11-10 13:21:59,3941.47081537425,234.45923128750565,Take Profit,52.07309506273759,4199.276938625253,4147.203843562515,2020-11
2020-11-10 13:21:00,3941.18,-1,3951.1583692515,3936.1908153742497,3941.18,0,-1.0,3941.18,2020-11-10 13:56:59,3936.1908153742497,234.45923128750565,Take Profit,286.53232635024324,4199.276938625253,3912.74461227501,2020-11
2020-11-10 13:56:00,3935.34,-1,3945.3183692515004,3930.35081537425,3935.34,0,-1.0,3935.34,2020-11-10 14:03:59,3930.35081537425,234.45923128750565,Take Profit,520.9915576377489,4199.276938625253,3678.285380987504,2020-11
2020-12-21 14:22:00,4105.51,-1,4115.4883692515,4100.520815374251,4105.51,0,-1.0,4105.51,2020-12-21 14:50:59,4100.520815374251,234.4592312874829,Take Profit,755.4507889252318,4199.276938625253,3443.8261497000212,2020-12
2020-12-21 14:50:00,4098.55,-1,4108.5283692515,4093.56081537425,4098.55,0,-1.0,4098.55,2020-12-21 15:32:59,4108.9,-532.4999999999727,Stop Loss,222.95078892525908,4199.276938625253,3976.326149699994,2020-12
2021-02-23 13:14:00,4314.72,-1,4324.6983692515005,4309.730815374251,4314.72,0,-1.0,4314.72,2021-02-23 13:21:59,4309.730815374251,234.4592312874829,Take Profit,457.410020212742,4199.276938625253,3741.866918412511,2021-02
2021-02-23 13:21:00,4309.99,-1,4319.9683692515,4305.00081537425,4309.99,0,-1.0,4309.99,2021-02-23 13:42:59,4320.9,-560.4999999999927,Stop Loss,-103.08997978725074,4199.276938625253,4302.366918412504,2021-02
2021-02-23 13:49:00,4317.51,-1,4327.4883692515,4312.520815374251,4317.51,0,-1.0,4317.51,2021-02-23 14:10:59,4312.520815374251,234.4592312874829,Take Profit,131.36925150023217,4199.276938625253,4067.907687125021,2021-02
2021-02-23 14:10:00,4311.94,-1,4321.9183692515,4306.95081537425,4311.94,0,-1.0,4311.94,2021-02-23 15:06:59,4325.36,-686.0000000000036,Stop Loss,-554.6307484997715,4199.276938625253,4753.9076871250245,2021-02
2021-02-23 15:27:00,4326.14,-1,4336.118369251501,4321.150815374251,4326.14,0,-1.0,4326.14,2021-02-23 15:48:59,4329.09,-162.4999999999909,RTH Exit,-717.1307484997624,4199.276938625253,4916.407687125015,2021-02
2021-02-26 10:18:00,4281.85,-1,4291.828369251501,4276.860815374251,4281.85,0,-1.0,4281.85,2021-02-26 10:25:59,4276.860815374251,234.4592312874829,Take Profit,-482.67151721227947,4199.276938625253,4681.9484558375325,2021-02
2021-02-26 10:25:00,4269.31,-1,4279.288369251501,4264.320815374251,4269.31,0,-1.0,4269.31,2021-02-26 10:32:59,4264.320815374251,234.4592312874829,Take Profit,-248.21228592479656,4199.276938625253,4447.48922455005,2021-02
2021-02-26 10:53:00,4268.48,-1,4278.4583692515,4263.49081537425,4268.48,0,-1.0,4268.48,2021-02-26 10:53:59,4269.48,-65.0,VWAP Exit,-313.21228592479656,4199.276938625253,4512.48922455005,2021-02
2021-03-25 11:12:00,4344.76,-1,4354.7383692515,4339.770815374251,4344.76,0,-1.0,4344.76,2021-03-25 11:40:59,4357.91,-672.4999999999818,Stop Loss,-985.7122859247784,4199.276938625253,5184.989224550031,2021-03
2021-03-29 12:58:00,4418.66,-1,4428.6383692515,4413.67081537425,4418.66,0,-1.0,4418.66,2021-03-29 15:46:59,4421.89,-176.50000000002365,RTH Exit,-1162.212285924802,4199.276938625253,5361.489224550055,2021-03
2021-05-11 15:06:00,4616.94,-1,4626.9183692515,4611.95081537425,4616.94,0,-1.0,4616.94,2021-05-11 15:13:59,4617.11,-23.500000000003638,VWAP Exit,-1185.7122859248057,4199.276938625253,5384.989224550059,2021-05
2021-05-13 14:21:00,4584.59,-1,4594.5683692515,4579.6008153742505,4584.59,0,-1.0,4584.59,2021-05-13 15:38:59,4579.6008153742505,234.4592312874829,Take Profit,-951.2530546373227,4199.276938625253,5150.529993262576,2021-05
2021-06-30 11:31:00,4790.52,-1,4800.498369251501,4785.530815374251,4790.52,0,-1.0,4790.52,2021-06-30 11:59:59,4792.07,-92.49999999996362,VWAP Exit,-1043.7530546372864,4199.276938625253,5243.029993262539,2021-06
2021-07-08 14:35:00,4816.51,-1,4826.4883692515,4811.520815374251,4816.51,0,-1.0,4816.51,2021-07-08 15:45:59,4820.58,-218.49999999998545,RTH Exit,-1262.2530546372718,4199.276938625253,5461.529993262525,2021-07
2021-07-15 14:35:00,4859.87,1,4849.8916307485,4864.85918462575,4859.87,0,4859.87,999999.0,2021-07-15 15:17:59,4860.55,19.000000000014552,VWAP Exit,-1243.2530546372573,4199.276938625253,5442.52999326251,2021-07
2021-07-15 15:17:00,4861.55,1,4851.5716307485,4866.53918462575,4861.55,0,4861.55,999999.0,2021-07-15 15:17:59,4860.55,-65.0,VWAP Exit,-1308.2530546372573,4199.276938625253,5507.52999326251,2021-07
2021-07-30 10:46:00,4905.71,1,4895.7316307485,4910.69918462575,4905.71,0,4905.71,999999.0,2021-07-30 10:53:59,4906.94,46.49999999997817,VWAP Exit,-1261.753054637279,4199.276938625253,5461.029993262532,2021-07
2021-09-28 14:03:00,4872.99,1,4863.0116307485,4877.979184625749,4872.99,0,4872.99,999999.0,2021-09-28 15:20:59,4877.979184625749,234.4592312874829,Take Profit,-1027.2938233497962,4199.276938625253,5226.570761975049,2021-09
2021-09-28 15:20:00,4877.47,1,4867.4916307485,4882.45918462575,4877.47,0,4877.47,999999.0,2021-09-28 15:48:59,4874.51,-163.00000000000182,RTH Exit,-1190.293823349798,4199.276938625253,5389.570761975051,2021-09
2021-10-04 11:34:00,4802.68,1,4792.7016307485,4807.66918462575,4802.68,0,4802.68,999999.0,2021-10-04 11:48:59,4807.66918462575,234.4592312874829,Take Profit,-955.8345920623151,4199.276938625253,5155.111530687568,2021-10
2021-10-04 11:48:00,4811.64,1,4801.6616307485,4816.62918462575,4811.64,0,4811.64,999999.0,2021-10-04 11:55:59,4803.48,-423.0000000000382,Stop Loss,-1378.8345920623533,4199.276938625253,5578.111530687606,2021-10
2021-11-29 14:15:00,5222.25,-1,5232.2283692515,5217.26081537425,5222.25,0,-1.0,5222.25,2021-11-29 15:46:59,5228.01,-303.0000000000109,RTH Exit,-1681.8345920623642,4199.276938625253,5881.111530687617,2021-11
2021-11-30 13:56:00,5136.57,1,5126.5916307484995,5141.559184625749,5136.57,0,5136.57,999999.0,2021-11-30 14:10:59,5141.559184625749,234.4592312874829,Take Profit,-1447.3753607748813,4199.276938625253,5646.652299400134,2021-11
2021-11-30 14:24:00,5130.13,1,5120.1516307485,5135.11918462575,5130.13,0,5130.13,999999.0,2021-11-30 15:13:59,5135.11918462575,234.4592312874829,Take Profit,-1212.9161294873984,4199.276938625253,5412.193068112651,2021-11
2021-11-30 15:13:00,5138.25,1,5128.2716307485,5143.23918462575,5138.25,0,5138.25,999999.0,2021-11-30 15:48:59,5141.45,144.9999999999909,RTH Exit,-1067.9161294874075,4199.276938625253,5267.1930681126605,2021-11
2021-12-02 10:16:00,5132.89,-1,5142.868369251501,5127.900815374251,5132.89,0,-1.0,5132.89,2021-12-02 10:23:59,5127.900815374251,234.4592312874829,Take Profit,-833.4568981999246,4199.276938625253,5032.733836825178,2021-12
2021-12-02 10:23:00,5127.29,-1,5137.2683692515,5122.30081537425,5127.29,0,-1.0,5127.29,2021-12-02 10:37:59,5139.37,-618.9999999999964,Stop Loss,-1452.456898199921,4199.276938625253,5651.733836825174,2021-12
2021-12-02 10:51:00,5123.65,-1,5133.6283692515,5118.66081537425,5123.65,0,-1.0,5123.65,2021-12-02 10:58:59,5118.66081537425,234.4592312874829,Take Profit,-1217.997666912438,4199.276938625253,5417.274605537691,2021-12
2021-12-02 10:58:00,5115.24,-1,5125.2183692515,5110.25081537425,5115.24,0,-1.0,5115.24,2021-12-02 11:05:59,5129.57,-731.4999999999964,Stop Loss,-1949.4976669124344,4199.276938625253,6148.774605537687,2021-12
2021-12-02 11:12:00,5125.89,-1,5135.868369251501,5120.900815374251,5125.89,0,-1.0,5125.89,2021-12-02 11:47:59,5136.57,-548.9999999999691,Stop Loss,-2498.4976669124035,4199.276938625253,6697.7746055376565,2021-12
2021-12-02 12:01:00,5136.53,-1,5146.5083692515,5131.54081537425,5136.53,0,-1.0,5136.53,2021-12-02 13:18:59,5131.54081537425,234.4592312874829,Take Profit,-2264.0384356249206,4199.276938625253,6463.315374250174,2021-12
2021-12-02 13:18:00,5123.65,-1,5133.6283692515,5118.66081537425,5123.65,0,-1.0,5123.65,2021-12-02 13:46:59,5118.66081537425,234.4592312874829,Take Profit,-2029.5792043374377,4199.276938625253,6228.856142962691,2021-12
2021-12-02 13:46:00,5118.89,-1,5128.868369251501,5113.900815374251,5118.89,0,-1.0,5118.89,2021-12-02 13:53:59,5113.900815374251,234.4592312874829,Take Profit,-1795.1199730499548,4199.276938625253,5994.396911675208,2021-12
2021-12-21 14:17:00,5205.93,-1,5215.9083692515005,5200.940815374251,5205.93,0,-1.0,5205.93,2021-12-21 15:48:59,5208.62,-149.49999999998,RTH Exit,-1944.6199730499347,4199.276938625253,6143.896911675188,2021-12
2022-01-06 14:21:00,5278.63,-1,5288.6083692515,5273.64081537425,5278.63,0,-1.0,5278.63,2022-01-06 15:45:59,5278.79,-22.999999999992724,RTH Exit,-1967.6199730499275,4199.276938625253,6166.8969116751805,2022-01
2022-01-25 15:13:00,4872.18,-1,4882.1583692515005,4867.190815374251,4872.18,0,-1.0,4872.18,2022-01-25 15:27:59,4883.45,-578.4999999999764,Stop Loss,-2546.119973049904,4199.276938625253,6745.396911675157,2022-01
2022-01-27 11:47:00,4875.03,1,4865.0516307484995,4880.019184625749,4875.03,0,4875.03,999999.0,2022-01-27 13:04:59,4880.019184625749,234.4592312874829,Take Profit,-2311.660741762421,4199.276938625253,6510.937680387674,2022-01
2022-01-27 14:07:00,4871.38,1,4861.4016307485,4876.36918462575,4871.38,0,4871.38,999999.0,2022-01-27 14:35:59,4857.59,-704.4999999999982,Stop Loss,-3016.160741762419,4199.276938625253,7215.437680387672,2022-01
2022-01-27 14:49:00,4862.11,1,4852.131630748499,4867.099184625749,4862.11,0,4862.11,999999.0,2022-01-27 14:56:59,4867.099184625749,234.4592312874829,Take Profit,-2781.701510474936,4199.276938625253,6980.978449100189,2022-01
2022-01-27 14:56:00,4871.66,1,4861.6816307485,4876.6491846257495,4871.66,0,4871.66,999999.0,2022-01-27 15:03:59,4876.6491846257495,234.4592312874829,Take Profit,-2547.2422791874533,4199.276938625253,6746.519217812706,2022-01
2022-01-27 15:03:00,4880.36,1,4870.381630748499,4885.349184625749,4880.36,0,4880.36,999999.0,2022-01-27 15:17:59,4869.38,-563.9999999999782,Stop Loss,-3111.2422791874314,4199.276938625253,7310.5192178126845,2022-01
2022-01-27 15:24:00,4875.59,1,4865.6116307485,4880.57918462575,4875.59,0,4875.59,999999.0,2022-01-27 15:31:59,4880.57918462575,234.4592312874829,Take Profit,-2876.7830478999485,4199.276938625253,7076.059986525202,2022-01
2022-01-31 14:36:00,5042.85,-1,5052.828369251501,5037.860815374251,5042.85,0,-1.0,5042.85,2022-01-31 15:32:59,5037.860815374251,234.4592312874829,Take Profit,-2642.3238166124656,4199.276938625253,6841.600755237719,2022-01
2022-02-22 14:03:00,4853.38,-1,4863.3583692515,4848.39081537425,4853.38,0,-1.0,4853.38,2022-02-22 15:34:59,4848.39081537425,234.4592312874829,Take Profit,-2407.8645853249827,4199.276938625253,6607.141523950236,2022-02
2022-02-25 10:39:00,4906.15,-1,4916.1283692515,4901.16081537425,4906.15,0,-1.0,4906.15,2022-02-25 10:53:59,4918.82,-648.5000000000036,Stop Loss,-3056.3645853249864,4199.276938625253,7255.641523950239,2022-02
2022-02-25 11:00:00,4919.06,-1,4929.038369251501,4914.070815374251,4919.06,0,-1.0,4919.06,2022-02-27 13:03:59,4914.070815374251,234.4592312874829,Take Profit,-2821.9053540375035,4199.276938625253,7021.1822926627565,2022-02
2022-03-01 13:35:00,4845.83,1,4835.8516307485,4850.81918462575,4845.83,0,4845.83,999999.0,2022-03-01 14:17:59,4850.81918462575,234.4592312874829,Take Profit,-2587.4461227500205,4199.276938625253,6786.723061375274,2022-03
2022-03-02 11:10:00,4916.25,-1,4926.2283692515,4911.26081537425,4916.25,0,-1.0,4916.25,2022-03-02 11:38:59,4911.26081537425,234.4592312874829,Take Profit,-2352.9868914625376,4199.276938625253,6552.263830087791,2022-03
2022-03-04 11:07:00,4852.26,-1,4862.2383692515,4847.270815374251,4852.26,0,-1.0,4852.26,2022-03-06 13:03:59,4847.270815374251,234.4592312874829,Take Profit,-2118.5276601750547,4199.276938625253,6317.804598800308,2022-03
2022-03-08 14:38:00,4683.87,1,4673.8916307485,4688.85918462575,4683.87,0,4683.87,999999.0,2022-03-08 14:52:59,4688.85918462575,234.4592312874829,Take Profit,-1884.0684288875718,4199.276938625253,6083.345367512825,2022-03
2022-03-09 10:21:00,4817.17,-1,4827.1483692515,4812.18081537425,4817.17,0,-1.0,4817.17,2022-03-09 10:42:59,4812.18081537425,234.4592312874829,Take Profit,-1649.609197600089,4199.276938625253,5848.886136225342,2022-03
2022-03-09 11:52:00,4803.13,-1,4813.1083692515,4798.14081537425,4803.13,0,-1.0,4803.13,2022-03-09 13:30:59,4798.14081537425,234.4592312874829,Take Profit,-1415.149966312606,4199.276938625253,5614.426904937859,2022-03
2022-03-09 14:47:00,4799.48,-1,4809.4583692515,4794.49081537425,4799.48,0,-1.0,4799.48,2022-03-09 15:36:59,4794.49081537425,234.4592312874829,Take Profit,-1180.690735025123,4199.276938625253,5379.967673650376,2022-03
2022-03-14 12:58:00,4694.72,1,4684.7416307485,4699.70918462575,4694.72,0,4694.72,999999.0,2022-03-14 14:36:59,4699.70918462575,234.4592312874829,Take Profit,-946.2315037376402,4199.276938625253,5145.508442362893,2022-03
2022-03-14 14:36:00,4701.47,1,4691.4916307485,4706.45918462575,4701.47,0,4701.47,999999.0,2022-03-14 15:46:59,4696.53,-262.00000000002547,RTH Exit,-1208.2315037376657,4199.276938625253,5407.508442362919,2022-03
2022-03-21 14:57:00,5009.5,-1,5019.4783692515,5004.51081537425,5009.5,0,-1.0,5009.5,2022-03-21 15:46:59,5006.56,131.99999999998,RTH Exit,-1076.2315037376857,4199.276938625253,5275.508442362939,2022-03
2022-03-22 10:05:00,5063.51,-1,5073.4883692515,5058.520815374251,5063.51,0,-1.0,5063.51,2022-03-22 10:26:59,5058.520815374251,234.4592312874829,Take Profit,-841.7722724502028,4199.276938625253,5041.049211075456,2022-03
2022-03-22 10:26:00,5053.95,-1,5063.9283692515,5048.96081537425,5053.95,0,-1.0,5053.95,2022-03-22 11:01:59,5065.23,-578.9999999999873,Stop Loss,-1420.77227245019,4199.276938625253,5620.049211075443,2022-03
2022-03-22 11:22:00,5062.39,-1,5072.368369251501,5057.400815374251,5062.39,0,-1.0,5062.39,2022-03-22 11:50:59,5074.8,-635.4999999999927,Stop Loss,-2056.2722724501828,4199.276938625253,6255.549211075436,2022-03
2022-03-22 11:57:00,5063.51,-1,5073.4883692515,5058.520815374251,5063.51,0,-1.0,5063.51,2022-03-22 14:45:59,5077.61,-719.9999999999727,Stop Loss,-2776.2722724501555,4199.276938625253,6975.5492110754085,2022-03
2022-03-22 14:52:00,5075.05,-1,5085.0283692515,5070.0608153742505,5075.05,0,-1.0,5075.05,2022-03-22 15:48:59,5072.95,90.00000000001819,RTH Exit,-2686.2722724501373,4199.276938625253,6885.54921107539,2022-03
2022-03-30 10:07:00,5178.33,1,5168.3516307485,5183.31918462575,5178.33,0,5178.33,999999.0,2022-03-30 10:49:59,5166.48,-607.5000000000182,Stop Loss,-3293.7722724501555,4199.276938625253,7493.0492110754085,2022-03
2022-04-26 10:54:00,4738.04,1,4728.0616307485,4743.02918462575,4738.04,0,4738.04,999999.0,2022-04-26 11:01:59,4743.02918462575,234.4592312874829,Take Profit,-3059.3130411626726,4199.276938625253,7258.589979787926,2022-04
2022-04-26 11:01:00,4741.14,1,4731.1616307485,4746.12918462575,4741.14,0,4741.14,999999.0,2022-04-26 11:08:59,4728.45,-649.5000000000255,Stop Loss,-3708.813041162698,4199.276938625253,7908.089979787951,2022-04
2022-04-26 11:22:00,4717.51,1,4707.5316307485,4722.49918462575,4717.51,0,4717.51,999999.0,2022-04-26 11:36:59,4702.0,-790.5000000000109,Stop Loss,-4499.313041162709,4199.276938625253,8698.589979787961,2022-04
2022-04-27 10:49:00,4740.55,-1,4750.5283692515,4735.5608153742505,4740.55,0,-1.0,4740.55,2022-04-27 10:56:59,4735.5608153742505,234.4592312874829,Take Profit,-4264.853809875226,4199.276938625253,8464.13074850048,2022-04
2022-04-27 15:08:00,4736.33,-1,4746.3083692515,4731.34081537425,4736.33,0,-1.0,4736.33,2022-04-27 15:50:59,4738.73,-134.9999999999818,RTH Exit,-4399.853809875208,4199.276938625253,8599.130748500462,2022-04
2022-05-03 14:59:00,4695.53,-1,4705.5083692515,4690.54081537425,4695.53,0,-1.0,4695.53,2022-05-03 15:48:59,4699.91,-234.00000000000546,RTH Exit,-4633.853809875213,4199.276938625253,8833.130748500465,2022-05
2022-05-06 11:14:00,4599.07,1,4589.0916307484995,4604.059184625749,4599.07,0,4599.07,999999.0,2022-05-06 11:28:59,4604.66,264.5000000000073,Stop Loss,-4369.353809875206,4199.276938625253,8568.630748500458,2022-05
2022-05-06 11:28:00,4606.66,1,4596.6816307485,4611.6491846257495,4606.66,0,4606.66,999999.0,2022-05-06 11:35:59,4611.6491846257495,234.4592312874829,Take Profit,-4134.894578587723,4199.276938625253,8334.171517212977,2022-05
2022-05-06 11:35:00,4620.73,1,4610.751630748499,4625.719184625749,4620.73,0,4620.73,999999.0,2022-05-06 11:42:59,4625.719184625749,234.4592312874829,Take Profit,-3900.43534730024,4199.276938625253,8099.712285925493,2022-05
2022-05-09 14:29:00,4500.32,1,4490.3416307484995,4505.309184625749,4500.32,0,4500.32,999999.0,2022-05-09 15:46:59,4499.04,-78.99999999998727,RTH Exit,-3979.4353473002275,4199.276938625253,8178.7122859254805,2022-05
2022-05-10 15:13:00,4499.76,1,4489.7816307485,4504.74918462575,4499.76,0,4499.76,999999.0,2022-05-10 15:41:59,4490.72,-466.9999999999982,Stop Loss,-4446.435347300226,4199.276938625253,8645.712285925478,2022-05
2022-05-13 12:38:00,4522.23,-1,4532.2083692515,4517.24081537425,4522.23,0,-1.0,4522.23,2022-05-13 12:59:59,4517.24081537425,234.4592312874829,Take Profit,-4211.976116012743,4199.276938625253,8411.253054637997,2022-05
2022-05-17 11:15:00,4593.69,-1,4603.6683692515,4588.70081537425,4593.69,0,-1.0,4593.69,2022-05-17 11:43:59,4588.70081537425,234.4592312874829,Take Profit,-3977.51688472526,4199.276938625253,8176.793823350513,2022-05
2022-05-19 10:02:00,4403.79,-1,4413.7683692515,4398.80081537425,4403.79,0,-1.0,4403.79,2022-05-19 10:09:59,4398.80081537425,234.4592312874829,Take Profit,-3743.057653437777,4199.276938625253,7942.33459206303,2022-05
2022-05-19 10:09:00,4399.01,-1,4408.9883692515,4394.020815374251,4399.01,0,-1.0,4399.01,2022-05-19 10:23:59,4394.020815374251,234.4592312874829,Take Profit,-3508.598422150294,4199.276938625253,7707.875360775547,2022-05
2022-05-19 10:44:00,4408.58,-1,4418.5583692515,4403.59081537425,4408.58,0,-1.0,4408.58,2022-05-19 10:51:59,4420.14,-593.00000000002,Stop Loss,-4101.598422150314,4199.276938625253,8300.875360775568,2022-05
2022-05-19 10:58:00,4416.17,-1,4426.1483692515,4411.18081537425,4416.17,0,-1.0,4416.17,2022-05-19 11:05:59,4434.77,-945.0000000000182,Stop Loss,-5046.598422150332,4199.276938625253,9245.875360775586,2022-05
2022-05-19 11:12:00,4418.7,-1,4428.6783692515,4413.71081537425,4418.7,0,-1.0,4418.7,2022-05-19 11:19:59,4413.71081537425,234.4592312874829,Take Profit,-4812.139190862849,4199.276938625253,9011.416129488101,2022-05
2022-05-19 11:19:00,4406.61,-1,4416.5883692515,4401.62081537425,4406.61,0,-1.0,4406.61,2022-05-19 11:26:59,4401.62081537425,234.4592312874829,Take Profit,-4577.679959575366,4199.276938625253,8776.95689820062,2022-05
2022-05-19 11:26:00,4398.17,-1,4408.1483692515,4393.18081537425,4398.17,0,-1.0,4398.17,2022-05-19 11:33:59,4393.18081537425,234.4592312874829,Take Profit,-4343.2207282878835,4199.276938625253,8542.497666913136,2022-05
2022-05-23 10:03:00,4462.03,-1,4472.0083692515,4457.04081537425,4462.03,0,-1.0,4462.03,2022-05-23 10:10:59,4473.31,-579.0000000000327,Stop Loss,-4922.220728287916,4199.276938625253,9121.497666913168,2022-05
2022-05-23 10:17:00,4469.91,-1,4479.8883692515,4464.92081537425,4469.91,0,-1.0,4469.91,2022-05-23 10:52:59,4464.92081537425,234.4592312874829,Take Profit,-4687.761497000433,4199.276938625253,8887.038435625687,2022-05
2022-05-23 10:52:00,4462.31,-1,4472.288369251501,4457.320815374251,4462.31,0,-1.0,4462.31,2022-05-23 11:13:59,4460.65,68.0000000000382,Stop Loss,-4619.761497000395,4199.276938625253,8819.038435625647,2022-05
2022-05-23 11:13:00,4458.65,-1,4468.6283692515,4453.66081537425,4458.65,0,-1.0,4458.65,2022-05-23 11:41:59,4460.93,-129.00000000003274,Stop Loss,-4748.761497000428,4199.276938625253,8948.03843562568,2022-05
2022-05-23 11:41:00,4458.93,-1,4468.9083692515005,4453.940815374251,4458.93,0,-1.0,4458.93,2022-05-23 11:48:59,4453.940815374251,234.4592312874829,Take Profit,-4514.302265712945,4199.276938625253,8713.579204338199,2022-05
2022-05-23 11:48:00,4451.62,-1,4461.5983692515,4446.63081537425,4451.62,0,-1.0,4451.62,2022-05-23 11:55:59,4462.9,-578.9999999999873,Stop Loss,-5093.302265712932,4199.276938625253,9292.579204338184,2022-05
2022-05-23 12:16:00,4475.25,-1,4485.2283692515,4470.26081537425,4475.25,0,-1.0,4475.25,2022-05-23 14:01:59,4470.26081537425,234.4592312874829,Take Profit,-4858.843034425449,4199.276938625253,9058.119973050703,2022-05
2022-05-25 15:22:00,4473.56,-1,4483.538369251501,4468.570815374251,4473.56,0,-1.0,4473.56,2022-05-25 15:50:59,4471.47,89.50000000000728,RTH Exit,-4769.343034425442,4199.276938625253,8968.619973050696,2022-05
2022-05-26 14:28:00,4560.78,-1,4570.7583692515,4555.79081537425,4560.78,0,-1.0,4560.78,2022-05-26 15:45:59,4566.56,-304.00000000003274,RTH Exit,-5073.343034425475,4199.276938625253,9272.619973050729,2022-05
2022-06-13 10:24:00,4251.06,1,4241.0816307485,4256.04918462575,4251.06,0,4251.06,999999.0,2022-06-13 10:38:59,4256.09,236.49999999998727,Stop Loss,-4836.8430344254875,4199.276938625253,9036.11997305074,2022-06
2022-06-13 10:38:00,4258.09,1,4248.1116307485,4263.07918462575,4258.09,0,4258.09,999999.0,2022-06-13 10:45:59,4263.07918462575,234.4592312874829,Take Profit,-4602.383803138005,4199.276938625253,8801.660741763259,2022-06
2022-06-13 11:20:00,4237.28,1,4227.3016307484995,4242.269184625749,4237.28,0,4237.28,999999.0,2022-06-13 11:27:59,4225.15,-621.5000000000055,Stop Loss,-5223.88380313801,4199.276938625253,9423.160741763262,2022-06
2022-06-13 11:48:00,4215.05,1,4205.0716307485,4220.03918462575,4215.05,0,4215.05,999999.0,2022-06-13 11:55:59,4219.52,208.50000000001273,Stop Loss,-5015.383803137997,4199.276938625253,9214.660741763251,2022-06
2022-06-13 11:55:00,4221.52,1,4211.5416307485,4226.50918462575,4221.52,0,4221.52,999999.0,2022-06-13 12:02:59,4216.15,-283.50000000004,Stop Loss,-5298.883803138037,4199.276938625253,9498.160741763291,2022-06
2022-06-13 12:09:00,4227.15,1,4217.171630748499,4232.139184625749,4227.15,0,4227.15,999999.0,2022-06-13 12:30:59,4223.18,-213.49999999996726,Stop Loss,-5512.383803138005,4199.276938625253,9711.660741763259,2022-06
2022-06-13 12:30:00,4225.18,1,4215.2016307485,4230.16918462575,4225.18,0,4225.18,999999.0,2022-06-13 14:01:59,4230.16918462575,234.4592312874829,Take Profit,-5277.924571850522,4199.276938625253,9477.201510475774,2022-06
2022-06-13 14:01:00,4235.03,1,4225.0516307484995,4240.019184625749,4235.03,0,4235.03,999999.0,2022-06-13 15:39:59,4224.02,-565.4999999999654,Stop Loss,-5843.424571850487,4199.276938625253,10042.701510475741,2022-06
2022-06-14 10:19:00,4206.08,1,4196.1016307485,4211.06918462575,4206.08,0,4206.08,999999.0,2022-06-14 10:47:59,4193.39,-649.49999999998,Stop Loss,-6492.924571850467,4199.276938625253,10692.20151047572,2022-06
2022-06-14 11:36:00,4202.7,1,4192.7216307485,4207.6891846257495,4202.7,0,4202.7,999999.0,2022-06-14 11:43:59,4207.6891846257495,234.4592312874829,Take Profit,-6258.465340562984,4199.276938625253,10457.742279188238,2022-06
2022-06-14 11:43:00,4210.57,1,4200.5916307484995,4215.559184625749,4210.57,0,4210.57,999999.0,2022-06-14 11:50:59,4215.559184625749,234.4592312874829,Take Profit,-6024.006109275501,4199.276938625253,10223.283047900753,2022-06
2022-06-14 12:11:00,4204.11,1,4194.131630748499,4209.099184625749,4204.11,0,4204.11,999999.0,2022-06-14 14:03:59,4209.099184625749,234.4592312874829,Take Profit,-5789.546877988018,4199.276938625253,9988.823816613272,2022-06
2022-06-15 13:02:00,4265.65,-1,4275.6283692515,4260.66081537425,4265.65,0,-1.0,4265.65,2022-06-15 14:05:59,4276.65,-565.0,Stop Loss,-6354.546877988018,4199.276938625253,10553.823816613272,2022-06
2022-06-15 14:26:00,4284.77,-1,4294.748369251501,4279.780815374251,4284.77,0,-1.0,4284.77,2022-06-15 15:50:59,4295.89,-570.9999999999945,RTH Exit,-6925.546877988013,4199.276938625253,11124.823816613265,2022-06
2022-06-16 10:16:00,4115.54,1,4105.5616307485,4120.52918462575,4115.54,0,4115.54,999999.0,2022-06-16 10:44:59,4120.52918462575,234.4592312874829,Take Profit,-6691.08764670053,4199.276938625253,10890.364585325784,2022-06
2022-06-16 11:54:00,4116.38,1,4106.4016307485,4121.36918462575,4116.38,0,4116.38,999999.0,2022-06-16 12:01:59,4121.36918462575,234.4592312874829,Take Profit,-6456.628415413047,4199.276938625253,10655.9053540383,2022-06
2022-06-16 12:01:00,4131.01,1,4121.0316307485,4135.99918462575,4131.01,0,4131.01,999999.0,2022-06-16 12:15:59,4135.99918462575,234.4592312874829,Take Profit,-6222.169184125564,4199.276938625253,10421.446122750818,2022-06
2022-06-17 10:25:00,4160.78,-1,4170.7583692515,4155.79081537425,4160.78,0,-1.0,4160.78,2022-06-17 10:32:59,4155.79081537425,234.4592312874829,Take Profit,-5987.709952838081,4199.276938625253,10186.986891463333,2022-06
2022-06-17 10:32:00,4150.37,-1,4160.3483692515,4145.38081537425,4150.37,0,-1.0,4150.37,2022-06-17 10:39:59,4165.59,-776.0000000000127,Stop Loss,-6763.709952838094,4199.276938625253,10962.986891463348,2022-06
2022-06-17 10:46:00,4161.34,-1,4171.3183692515,4156.3508153742505,4161.34,0,-1.0,4161.34,2022-06-17 10:53:59,4156.3508153742505,234.4592312874829,Take Profit,-6529.250721550611,4199.276938625253,10728.527660175863,2022-06
2022-06-17 10:53:00,4151.78,-1,4161.7583692515,4146.79081537425,4151.78,0,-1.0,4151.78,2022-06-17 11:14:59,4146.79081537425,234.4592312874829,Take Profit,-6294.791490263128,4199.276938625253,10494.068428888382,2022-06
2022-06-17 11:35:00,4154.31,-1,4164.288369251501,4149.320815374251,4154.31,0,-1.0,4154.31,2022-06-17 11:49:59,4149.320815374251,234.4592312874829,Take Profit,-6060.332258975645,4199.276938625253,10259.609197600897,2022-06
2022-07-06 14:54:00,4329.76,-1,4339.7383692515,4324.770815374251,4329.76,0,-1.0,4329.76,2022-07-06 15:50:59,4333.0,-176.9999999999891,RTH Exit,-6237.332258975634,4199.276938625253,10436.609197600887,2022-07
2022-07-11 15:04:00,4339.35,1,4329.3716307485,4344.33918462575,4339.35,0,4339.35,999999.0,2022-07-11 15:39:59,4343.13,173.99999999998727,VWAP Exit,-6063.332258975647,4199.276938625253,10262.609197600901,2022-07
2022-07-20 11:24:00,4459.93,-1,4469.9083692515005,4454.940815374251,4459.93,0,-1.0,4459.93,2022-07-20 11:59:59,4454.940815374251,234.4592312874829,Take Profit,-5828.873027688164,4199.276938625253,10028.149966313416,2022-07
2022-07-20 11:59:00,4455.44,-1,4465.4183692515,4450.45081537425,4455.44,0,-1.0,4455.44,2022-07-20 12:20:59,4450.45081537425,234.4592312874829,Take Profit,-5594.413796400681,4199.276938625253,9793.690735025935,2022-07
2022-08-19 12:59:00,4756.59,1,4746.6116307485,4761.57918462575,4756.59,0,4756.59,999999.0,2022-08-21 14:06:59,4738.85,-901.9999999999891,Stop Loss,-6496.41379640067,4199.276938625253,10695.690735025924,2022-08
2022-08-24 13:02:00,4665.75,-1,4675.7283692515,4660.76081537425,4665.75,0,-1.0,4665.75,2022-08-24 15:50:59,4661.4,202.5000000000182,RTH Exit,-6293.913796400652,4199.276938625253,10493.190735025906,2022-08
2022-08-25 11:33:00,4699.2,-1,4709.1783692515,4694.21081537425,4699.2,0,-1.0,4699.2,2022-08-25 11:47:59,4717.51,-930.50000000002,Stop Loss,-7224.413796400672,4199.276938625253,11423.690735025924,2022-08
2022-08-29 14:43:00,4538.97,1,4528.9916307485,4543.95918462575,4538.97,0,4538.97,999999.0,2022-08-29 15:25:59,4539.66,19.49999999997999,VWAP Exit,-7204.913796400692,4199.276938625253,11404.190735025946,2022-08
2022-08-29 15:25:00,4540.66,1,4530.6816307485,4545.6491846257495,4540.66,0,4540.66,999999.0,2022-08-29 15:25:59,4539.66,-65.0,VWAP Exit,-7269.913796400692,4199.276938625253,11469.190735025946,2022-08
2022-08-30 14:24:00,4482.18,1,4472.2016307485,4487.16918462575,4482.18,0,4482.18,999999.0,2022-08-30 14:59:59,4487.16918462575,234.4592312874829,Take Profit,-7035.454565113209,4199.276938625253,11234.731503738461,2022-08
2022-08-30 15:20:00,4483.86,1,4473.881630748499,4488.849184625749,4483.86,0,4483.86,999999.0,2022-08-30 15:48:59,4481.74,-120.99999999999454,RTH Exit,-7156.454565113204,4199.276938625253,11355.731503738458,2022-08
2022-08-31 12:34:00,4455.75,1,4445.7716307485,4460.73918462575,4455.75,0,4455.75,999999.0,2022-08-31 14:19:59,4443.91,-607.0000000000073,Stop Loss,-7763.454565113211,4199.276938625253,11962.731503738465,2022-08
2022-09-09 10:53:00,4570.43,-1,4580.4083692515005,4565.440815374251,4570.43,0,-1.0,4570.43,2022-09-09 11:07:59,4580.58,-522.4999999999818,Stop Loss,-8285.954565113192,4199.276938625253,12485.231503738445,2022-09
2022-09-09 12:38:00,4570.71,-1,4580.6883692515,4565.72081537425,4570.71,0,-1.0,4570.71,2022-09-11 14:06:59,4594.92,-1225.5000000000018,Stop Loss,-9511.454565113194,4199.276938625253,13710.731503738447,2022-09
2022-09-19 11:20:00,4371.92,-1,4381.8983692515,4366.93081537425,4371.92,0,-1.0,4371.92,2022-09-19 11:34:59,4381.48,-492.99999999997453,Stop Loss,-10004.454565113168,4199.276938625253,14203.731503738421,2022-09
2022-09-22 10:30:00,4221.44,1,4211.461630748499,4226.429184625749,4221.44,0,4221.44,999999.0,2022-09-22 10:44:59,4226.429184625749,234.4592312874829,Take Profit,-9769.995333825686,4199.276938625253,13969.272272450939,2022-09
2022-09-22 12:08:00,4227.59,1,4217.6116307485,4232.57918462575,4227.59,0,4227.59,999999.0,2022-09-22 15:45:59,4227.99,4.99999999998181,RTH Exit,-9764.995333825704,4199.276938625253,13964.272272450957,2022-09
2022-09-26 12:16:00,4105.04,1,4095.0616307484997,4110.02918462575,4105.04,0,4105.04,999999.0,2022-09-26 14:36:59,4110.02918462575,234.4592312874829,Take Profit,-9530.53610253822,4199.276938625253,13729.813041163474,2022-09
2022-09-26 14:36:00,4111.2,1,4101.2216307485,4116.1891846257495,4111.2,0,4111.2,999999.0,2022-09-26 15:18:59,4116.1891846257495,234.4592312874829,Take Profit,-9296.076871250738,4199.276938625253,13495.353809875991,2022-09
2022-09-26 15:18:00,4115.95,1,4105.9716307485,4120.9391846257495,4115.95,0,4115.95,999999.0,2022-09-26 15:46:59,4112.99,-163.00000000000182,RTH Exit,-9459.07687125074,4199.276938625253,13658.353809875993,2022-09
2022-10-03 15:11:00,4131.58,-1,4141.5583692515,4126.59081537425,4131.58,0,-1.0,4131.58,2022-10-03 15:25:59,4141.69,-520.4999999999836,Stop Loss,-9979.576871250723,4199.276938625253,14178.853809875976,2022-10
2022-10-05 15:08:00,4249.93,-1,4259.9083692515005,4244.940815374251,4249.93,0,-1.0,4249.93,2022-10-05 15:50:59,4261.29,-582.9999999999836,RTH Exit,-10562.576871250707,4199.276938625253,14761.85380987596,2022-10
2022-10-06 10:23:00,4220.32,1,4210.3416307484995,4225.309184625749,4220.32,0,4220.32,999999.0,2022-10-06 10:51:59,4200.97,-982.4999999999727,Stop Loss,-11545.07687125068,4199.276938625253,15744.353809875933,2022-10
2022-10-10 14:22:00,4061.67,1,4051.6916307485,4066.65918462575,4061.67,0,4061.67,999999.0,2022-10-10 14:57:59,4063.19,60.99999999999909,VWAP Exit,-11484.07687125068,4199.276938625253,15683.353809875933,2022-10
2022-10-12 12:06:00,4017.74,1,4007.7616307484996,4022.72918462575,4017.74,0,4017.74,999999.0,2022-10-12 14:05:59,4022.72918462575,234.45923128750565,Take Profit,-11249.617639963173,4199.276938625253,15448.894578588426,2022-10
2022-10-12 14:26:00,4024.46,1,4014.4816307485,4029.44918462575,4024.46,0,4024.46,999999.0,2022-10-12 15:50:59,4027.38,131.00000000000364,RTH Exit,-11118.61763996317,4199.276938625253,15317.894578588423,2022-10
2022-10-19 11:59:00,4149.81,1,4139.8316307485,4154.79918462575,4149.81,0,4149.81,999999.0,2022-10-19 12:06:59,4154.79918462575,234.4592312874829,Take Profit,-10884.158408675687,4199.276938625253,15083.43534730094,2022-10
2022-10-20 12:50:00,4115.95,1,4105.9716307485,4120.9391846257495,4115.95,0,4115.95,999999.0,2022-10-20 14:28:59,4104.72,-576.4999999999782,Stop Loss,-11460.658408675665,4199.276938625253,15659.935347300918,2022-10
2022-10-24 10:24:00,4252.17,-1,4262.1483692515,4247.18081537425,4252.17,0,-1.0,4252.17,2022-10-24 10:45:59,4264.8,-646.5000000000055,Stop Loss,-12107.15840867567,4199.276938625253,16306.435347300923,2022-10
2022-10-24 14:29:00,4260.01,-1,4269.9883692515,4255.020815374251,4260.01,0,-1.0,4260.01,2022-10-24 15:11:59,4270.12,-520.4999999999836,Stop Loss,-12627.658408675654,4199.276938625253,16826.935347300907,2022-10
2022-10-27 10:23:00,4284.11,1,4274.131630748499,4289.099184625749,4284.11,0,4284.11,999999.0,2022-10-27 10:58:59,4272.88,-576.4999999999782,Stop Loss,-13204.158408675632,4199.276938625253,17403.435347300885,2022-10
2022-10-27 15:10:00,4254.45,1,4244.4716307485,4259.4391846257495,4254.45,0,4254.45,999999.0,2022-10-27 15:45:59,4251.21,-176.9999999999891,RTH Exit,-13381.158408675621,4199.276938625253,17580.435347300874,2022-10
2022-11-01 10:40:00,4329.72,1,4319.7416307485,4334.70918462575,4329.72,0,4329.72,999999.0,2022-11-01 11:01:59,4334.70918462575,234.4592312874829,Take Profit,-13146.699177388138,4199.276938625253,17345.976116013393,2022-11
2022-11-01 11:01:00,4335.87,1,4325.8916307485,4340.85918462575,4335.87,0,4335.87,999999.0,2022-11-01 12:04:59,4321.0,-758.4999999999945,Stop Loss,-13905.199177388133,4199.276938625253,18104.476116013386,2022-11
2022-11-01 12:18:00,4320.2,1,4310.2216307485,4325.1891846257495,4320.2,0,4320.2,999999.0,2022-11-01 14:03:59,4325.1891846257495,234.4592312874829,Take Profit,-13670.73994610065,4199.276938625253,17870.016884725905,2022-11
2022-11-01 14:03:00,4325.24,1,4315.2616307485,4330.229184625749,4325.24,0,4325.24,999999.0,2022-11-01 15:34:59,4330.229184625749,234.4592312874829,Take Profit,-13436.280714813167,4199.276938625253,17635.55765343842,2022-11
2022-11-07 14:08:00,4269.8,-1,4279.7783692515,4264.8108153742505,4269.8,0,-1.0,4269.8,2022-11-07 14:36:59,4282.71,-660.4999999999927,Stop Loss,-14096.78071481316,4199.276938625253,18296.057653438413,2022-11
2023-01-03 13:42:00,4267.68,1,4257.7016307485,4272.66918462575,4267.68,0,4267.68,999999.0,2023-01-03 14:24:59,4271.39,170.50000000000182,VWAP Exit,-13926.280714813158,4199.276938625253,18125.55765343841,2023-01
2023-02-10 11:00:00,4549.86,-1,4559.8383692515,4544.87081537425,4549.86,0,-1.0,4549.86,2023-02-12 13:03:59,4544.87081537425,234.4592312874829,Take Profit,-13691.821483525675,4199.276938625253,17891.098422150928,2023-02
2023-03-10 10:32:00,4296.26,1,4286.2816307485,4301.24918462575,4296.26,0,4296.26,999999.0,2023-03-10 10:39:59,4280.39,-808.4999999999945,Stop Loss,-14500.32148352567,4199.276938625253,18699.59842215092,2023-03
2023-03-10 10:53:00,4286.55,1,4276.5716307485,4291.53918462575,4286.55,0,4286.55,999999.0,2023-03-10 11:07:59,4291.53918462575,234.4592312874829,Take Profit,-14265.862252238187,4199.276938625253,18465.13919086344,2023-03
2023-03-10 11:21:00,4288.49,1,4278.5116307485,4293.479184625749,4288.49,0,4288.49,999999.0,2023-03-10 11:56:59,4293.479184625749,234.4592312874829,Take Profit,-14031.403020950704,4199.276938625253,18230.67995957596,2023-03
2023-03-10 11:56:00,4304.31,1,4294.3316307485,4309.29918462575,4304.31,0,4304.31,999999.0,2023-03-12 14:06:59,4294.26,-517.5000000000091,Stop Loss,-14548.903020950713,4199.276938625253,18748.179959575966,2023-03
2023-03-16 15:24:00,4399.77,-1,4409.748369251501,4394.780815374251,4399.77,0,-1.0,4399.77,2023-03-16 15:45:59,4397.74,86.50000000003274,RTH Exit,-14462.40302095068,4199.276938625253,18661.679959575933,2023-03
2023-03-17 10:32:00,4341.76,1,4331.7816307485,4346.74918462575,4341.76,0,4341.76,999999.0,2023-03-17 10:53:59,4337.28,-239.00000000002365,Stop Loss,-14701.403020950704,4199.276938625253,18900.67995957596,2023-03
2023-03-17 10:53:00,4339.28,1,4329.3016307484995,4344.269184625749,4339.28,0,4339.28,999999.0,2023-03-17 11:00:59,4344.269184625749,234.4592312874829,Take Profit,-14466.94378966322,4199.276938625253,18666.220728288474,2023-03
2023-03-17 11:00:00,4343.13,1,4333.1516307485,4348.11918462575,4343.13,0,4343.13,999999.0,2023-03-17 11:14:59,4348.11918462575,234.4592312874829,Take Profit,-14232.484558375738,4199.276938625253,18431.76149700099,2023-03
2023-03-17 11:14:00,4347.54,1,4337.5616307485,4352.52918462575,4347.54,0,4347.54,999999.0,2023-03-17 11:21:59,4352.52918462575,234.4592312874829,Take Profit,-13998.025327088255,4199.276938625253,18197.302265713508,2023-03
2023-03-17 11:21:00,4348.92,1,4338.9416307485,4353.90918462575,4348.92,0,4348.92,999999.0,2023-03-17 11:28:59,4353.90918462575,234.4592312874829,Take Profit,-13763.566095800772,4199.276938625253,17962.843034426027,2023-03
2023-03-17 11:56:00,4345.89,1,4335.9116307485,4350.87918462575,4345.89,0,4345.89,999999.0,2023-03-17 12:03:59,4350.87918462575,234.4592312874829,Take Profit,-13529.10686451329,4199.276938625253,17728.383803138542,2023-03
2023-03-17 12:03:00,4354.15,1,4344.171630748499,4359.139184625749,4354.15,0,4354.15,999999.0,2023-03-19 14:06:59,4359.139184625749,234.4592312874829,Take Profit,-13294.647633225806,4199.276938625253,17493.924571851057,2023-03
2023-03-20 10:31:00,4375.55,-1,4385.5283692515,4370.5608153742505,4375.55,0,-1.0,4375.55,2023-03-20 10:38:59,4370.5608153742505,234.4592312874829,Take Profit,-13060.188401938323,4199.276938625253,17259.465340563576,2023-03
2023-03-20 10:38:00,4371.69,-1,4381.6683692515,4366.70081537425,4371.69,0,-1.0,4371.69,2023-03-20 10:52:59,4379.75,-418.00000000002,Stop Loss,-13478.188401938343,4199.276938625253,17677.465340563598,2023-03
2023-03-20 10:59:00,4375.82,-1,4385.7983692515,4370.83081537425,4375.82,0,-1.0,4375.82,2023-03-20 11:48:59,4387.46,-597.0000000000164,Stop Loss,-14075.18840193836,4199.276938625253,18274.465340563613,2023-03
2023-08-03 15:17:00,4938.3,-1,4948.2783692515,4933.3108153742505,4938.3,0,-1.0,4938.3,2023-08-03 15:45:59,4936.31,84.49999999998909,RTH Exit,-13990.68840193837,4199.276938625253,18189.965340563624,2023-08
2023-09-26 14:59:00,4656.18,1,4646.2016307485,4661.16918462575,4656.18,0,4656.18,999999.0,2023-09-26 15:48:59,4656.79,15.499999999983629,RTH Exit,-13975.188401938387,4199.276938625253,18174.46534056364,2023-09
2023-10-03 14:17:00,4596.34,1,4586.3616307485,4601.32918462575,4596.34,0,4596.34,999999.0,2023-10-03 15:48:59,4599.92,163.99999999999636,RTH Exit,-13811.18840193839,4199.276938625253,18010.46534056364,2023-10
2023-10-23 11:06:00,4594.88,-1,4604.8583692515,4589.89081537425,4594.88,0,-1.0,4594.88,2023-10-23 11:13:59,4589.89081537425,234.4592312874829,Take Profit,-13576.729170650908,4199.276938625253,17776.00610927616,2023-10
2023-10-23 11:13:00,4587.33,-1,4597.3083692515,4582.34081537425,4587.33,0,-1.0,4587.33,2023-10-23 11:27:59,4582.34081537425,234.4592312874829,Take Profit,-13342.269939363425,4199.276938625253,17541.54687798868,2023-10
2023-10-23 15:25:00,4584.37,-1,4594.3483692515,4579.38081537425,4584.37,0,-1.0,4584.37,2023-10-23 15:46:59,4584.56,-24.500000000025466,RTH Exit,-13366.76993936345,4199.276938625253,17566.0468779887,2023-10
2024-03-11 11:06:00,5463.86,-1,5473.8383692515,5458.87081537425,5463.86,0,-1.0,5463.86,2024-03-11 11:20:59,5458.87081537425,234.4592312874829,Take Profit,-13132.310708075967,4199.276938625253,17331.58764670122,2024-03
2024-03-11 12:37:00,5466.79,-1,5476.7683692515,5461.80081537425,5466.79,0,-1.0,5466.79,2024-03-11 14:15:59,5477.59,-555.0000000000091,Stop Loss,-13687.310708075976,4199.276938625253,17886.587646701228,2024-03
2024-04-19 12:31:00,5272.16,1,5262.1816307485,5277.1491846257495,5272.16,0,5272.16,999999.0,2024-04-21 14:06:59,5277.1491846257495,234.4592312874829,Take Profit,-13452.851476788494,4199.276938625253,17652.128415413747,2024-04
2024-07-17 12:13:00,5868.8,1,5858.8216307485,5873.78918462575,5868.8,0,5868.8,999999.0,2024-07-17 13:02:59,5873.78918462575,234.4592312874829,Take Profit,-13218.39224550101,4199.276938625253,17417.669184126265,2024-07
2024-07-19 12:45:00,5779.02,1,5769.0416307485,5784.00918462575,5779.02,0,5779.02,999999.0,2024-07-21 14:06:59,5784.00918462575,234.4592312874829,Take Profit,-12983.933014213528,4199.276938625253,17183.20995283878,2024-07
2024-07-29 15:18:00,5719.43,1,5709.4516307485,5724.41918462575,5719.43,0,5719.43,999999.0,2024-07-29 15:46:59,5715.05,-234.00000000000546,RTH Exit,-13217.933014213533,4199.276938625253,17417.209952838784,2024-07
2024-08-02 10:11:00,5565.39,1,5555.4116307485,5570.37918462575,5565.39,0,5565.39,999999.0,2024-08-02 10:25:59,5570.37918462575,234.4592312874829,Take Profit,-12983.47378292605,4199.276938625253,17182.750721551303,2024-08
2024-08-02 10:25:00,5575.02,1,5565.0416307485,5580.00918462575,5575.02,0,5575.02,999999.0,2024-08-02 10:32:59,5580.00918462575,234.4592312874829,Take Profit,-12749.014551638567,4199.276938625253,16948.291490263822,2024-08
2024-08-05 10:38:00,5435.36,-1,5445.3383692515,5430.37081537425,5435.36,0,-1.0,5435.36,2024-08-05 10:45:59,5430.37081537425,234.4592312874829,Take Profit,-12514.555320351084,4199.276938625253,16713.832258976337,2024-08
2024-08-08 14:14:00,5565.47,-1,5575.4483692515005,5560.480815374251,5565.47,0,-1.0,5565.47,2024-08-08 15:10:59,5576.32,-557.4999999999727,Stop Loss,-13072.055320351057,4199.276938625253,17271.332258976312,2024-08
2024-08-08 15:24:00,5569.11,-1,5579.0883692515,5564.12081537425,5569.11,0,-1.0,5569.11,2024-08-08 15:45:59,5575.06,-312.5000000000364,RTH Exit,-13384.555320351094,4199.276938625253,17583.83225897635,2024-08
2024-08-09 11:21:00,5581.08,-1,5591.0583692515,5576.09081537425,5581.08,0,-1.0,5581.08,2024-08-09 11:35:59,5592.71,-596.5000000000055,Stop Loss,-13981.055320351099,4199.276938625253,18180.332258976352,2024-08
2024-08-09 11:42:00,5588.11,-1,5598.0883692515,5583.12081537425,5588.11,0,-1.0,5588.11,2024-08-09 11:56:59,5583.12081537425,234.4592312874829,Take Profit,-13746.596089063616,4199.276938625253,17945.873027688867,2024-08
2024-08-09 11:56:00,5586.81,-1,5596.788369251501,5581.820815374251,5586.81,0,-1.0,5586.81,2024-08-09 12:59:59,5581.820815374251,234.4592312874829,Take Profit,-13512.136857776133,4199.276938625253,17711.413796401386,2024-08
2024-10-29 10:26:00,6052.15,-1,6062.1283692515,6047.16081537425,6052.15,0,-1.0,6052.15,2024-10-29 11:57:59,6047.16081537425,234.4592312874829,Take Profit,-13277.67762648865,4199.276938625253,17476.954565113905,2024-10
2024-10-29 12:25:00,6053.7,-1,6063.6783692515,6048.71081537425,6053.7,0,-1.0,6053.7,2024-10-29 14:10:59,6064.2,-540.0,Stop Loss,-13817.67762648865,4199.276938625253,18016.954565113905,2024-10
2024-10-29 14:17:00,6060.65,-1,6070.6283692515,6055.66081537425,6060.65,0,-1.0,6060.65,2024-10-29 15:48:59,6062.68,-116.50000000003274,RTH Exit,-13934.177626488683,4199.276938625253,18133.454565113934,2024-10
2024-11-19 10:33:00,6113.71,-1,6123.6883692515,6108.72081537425,6113.71,0,-1.0,6113.71,2024-11-19 11:01:59,6123.44,-501.4999999999782,Stop Loss,-14435.677626488661,4199.276938625253,18634.954565113912,2024-11
2025-01-27 10:52:00,6136.55,-1,6146.5283692515,6131.5608153742505,6136.55,0,-1.0,6136.55,2025-01-27 10:59:59,6155.85,-980.0000000000091,Stop Loss,-15415.67762648867,4199.276938625253,19614.954565113923,2025-01
2025-01-27 15:18:00,6155.38,-1,6165.3583692515,6150.39081537425,6155.38,0,-1.0,6155.38,2025-01-27 15:46:59,6155.87,-39.499999999989086,RTH Exit,-15455.17762648866,4199.276938625253,19654.454565113912,2025-01
2025-03-04 13:42:00,5938.82,-1,5948.7983692515,5933.83081537425,5938.82,0,-1.0,5938.82,2025-03-04 13:49:59,5933.83081537425,234.4592312874829,Take Profit,-15220.718395201176,4199.276938625253,19419.99533382643,2025-03
2025-03-04 13:49:00,5934.75,-1,5944.7283692515,5929.76081537425,5934.75,0,-1.0,5934.75,2025-03-04 14:24:59,5929.76081537425,234.4592312874829,Take Profit,-14986.259163913694,4199.276938625253,19185.536102538947,2025-03
2025-03-04 14:24:00,5929.15,-1,5939.1283692515,5924.16081537425,5929.15,0,-1.0,5929.15,2025-03-04 14:38:59,5924.16081537425,234.4592312874829,Take Profit,-14751.79993262621,4199.276938625253,18951.076871251462,2025-03
2025-03-04 14:38:00,5919.49,-1,5929.4683692515,5914.50081537425,5919.49,0,-1.0,5919.49,2025-03-04 14:45:59,5931.41,-611.0000000000036,Stop Loss,-15362.799932626214,4199.276938625253,19562.07687125147,2025-03
2025-03-04 14:52:00,5928.14,-1,5938.118369251501,5923.150815374251,5928.14,0,-1.0,5928.14,2025-03-04 15:06:59,5923.150815374251,234.4592312874829,Take Profit,-15128.340701338731,4199.276938625253,19327.617639963984,2025-03
2025-03-05 13:30:00,5949.51,-1,5959.4883692515,5944.520815374251,5949.51,0,-1.0,5949.51,2025-03-05 15:01:59,5944.520815374251,234.4592312874829,Take Profit,-14893.881470051248,4199.276938625253,19093.1584086765,2025-03
2025-03-06 11:05:00,5860.41,1,5850.4316307485,5865.3991846257495,5860.41,0,5860.41,999999.0,2025-03-06 11:19:59,5865.3991846257495,234.4592312874829,Take Profit,-14659.422238763766,4199.276938625253,18858.69917738902,2025-03
2025-03-12 10:56:00,5723.29,-1,5733.2683692515,5718.30081537425,5723.29,0,-1.0,5723.29,2025-03-12 11:03:59,5718.30081537425,234.4592312874829,Take Profit,-14424.963007476283,4199.276938625253,18624.239946101537,2025-03
2025-03-13 12:29:00,5641.31,1,5631.3316307485,5646.29918462575,5641.31,0,5641.31,999999.0,2025-03-13 14:07:59,5646.29918462575,234.4592312874829,Take Profit,-14190.5037761888,4199.276938625253,18389.780714814053,2025-03
2025-03-18 14:38:00,5713.69,1,5703.711630748499,5718.679184625749,5713.69,0,5713.69,999999.0,2025-03-18 14:52:59,5718.679184625749,234.4592312874829,Take Profit,-13956.044544901317,4199.276938625253,18155.321483526568,2025-03
2025-03-18 14:52:00,5720.75,1,5710.7716307485,5725.73918462575,5720.75,0,5720.75,999999.0,2025-03-18 15:48:59,5721.27,11.000000000021828,RTH Exit,-13945.044544901295,4199.276938625253,18144.321483526546,2025-03
2025-03-21 10:46:00,5747.25,-1,5757.2283692515,5742.26081537425,5747.25,0,-1.0,5747.25,2025-03-21 11:07:59,5742.26081537425,234.4592312874829,Take Profit,-13710.585313613812,4199.276938625253,17909.862252239065,2025-03
2025-03-21 11:07:00,5740.69,-1,5750.6683692515,5735.70081537425,5740.69,0,-1.0,5740.69,2025-03-21 11:56:59,5764.38,-1199.5000000000255,Stop Loss,-14910.085313613838,4199.276938625253,19109.36225223909,2025-03
2025-03-21 12:03:00,5765.65,-1,5775.6283692515,5760.66081537425,5765.65,0,-1.0,5765.65,2025-03-23 14:06:59,5798.92,-1678.5000000000218,Stop Loss,-16588.58531361386,4199.276938625253,20787.862252239116,2025-03
2025-03-24 15:11:00,5858.7,-1,5868.6783692515,5853.71081537425,5858.7,0,-1.0,5858.7,2025-03-24 15:46:59,5863.73,-266.49999999998727,RTH Exit,-16855.085313613847,4199.276938625253,21054.3622522391,2025-03
2025-03-27 11:33:00,5809.02,-1,5818.998369251501,5804.030815374251,5809.02,0,-1.0,5809.02,2025-03-27 11:47:59,5804.030815374251,234.4592312874829,Take Profit,-16620.626082326366,4199.276938625253,20819.90302095162,2025-03
2025-03-31 15:25:00,5685.72,-1,5695.6983692515005,5680.730815374251,5685.72,0,-1.0,5685.72,2025-03-31 15:46:59,5681.93,174.49999999999818,RTH Exit,-16446.126082326366,4199.276938625253,20645.40302095162,2025-03
2025-04-03 10:23:00,5519.54,1,5509.5616307485,5524.52918462575,5519.54,0,5519.54,999999.0,2025-04-03 10:37:59,5516.78,-153.0000000000109,Stop Loss,-16599.126082326376,4199.276938625253,20798.403020951628,2025-04
2025-04-03 10:37:00,5518.78,1,5508.8016307484995,5523.769184625749,5518.78,0,5518.78,999999.0,2025-04-03 10:44:59,5523.769184625749,234.4592312874829,Take Profit,-16364.666851038894,4199.276938625253,20563.943789664147,2025-04
2025-04-10 14:49:00,5363.22,-1,5373.1983692515005,5358.230815374251,5363.22,0,-1.0,5363.22,2025-04-10 15:03:59,5358.230815374251,234.4592312874829,Take Profit,-16130.20761975141,4199.276938625253,20329.484558376666,2025-04
2025-04-23 15:08:00,5456.25,1,5446.2716307485,5461.23918462575,5456.25,0,5456.25,999999.0,2025-04-23 15:29:59,5461.23918462575,234.4592312874829,Take Profit,-15895.748388463928,4199.276938625253,20095.02532708918,2025-04
2025-04-29 14:03:00,5625.46,-1,5635.4383692515,5620.47081537425,5625.46,0,-1.0,5625.46,2025-04-29 14:59:59,5620.47081537425,234.4592312874829,Take Profit,-15661.289157176445,4199.276938625253,19860.566095801696,2025-04
2025-05-07 15:15:00,5695.56,-1,5705.538369251501,5690.570815374251,5695.56,0,-1.0,5695.56,2025-05-07 15:50:59,5694.03,61.50000000003274,RTH Exit,-15599.789157176412,4199.276938625253,19799.066095801667,2025-05
2025-05-08 10:58:00,5768.93,-1,5778.9083692515005,5763.940815374251,5768.93,0,-1.0,5768.93,2025-05-08 11:05:59,5763.940815374251,234.4592312874829,Take Profit,-15365.32992588893,4199.276938625253,19564.606864514182,2025-05
2025-05-08 11:05:00,5766.66,-1,5776.6383692515,5761.67081537425,5766.66,0,-1.0,5766.66,2025-05-08 11:26:59,5776.23,-493.49999999998545,Stop Loss,-15858.829925888915,4199.276938625253,20058.106864514168,2025-05
2025-05-08 11:33:00,5771.7,-1,5781.6783692515,5766.71081537425,5771.7,0,-1.0,5771.7,2025-05-08 11:40:59,5766.71081537425,234.4592312874829,Take Profit,-15624.370694601432,4199.276938625253,19823.647633226683,2025-05
2025-05-08 11:40:00,5762.88,-1,5772.8583692515,5757.89081537425,5762.88,0,-1.0,5762.88,2025-05-08 11:47:59,5757.89081537425,234.4592312874829,Take Profit,-15389.911463313949,4199.276938625253,19589.188401939202,2025-05
2025-05-12 14:50:00,5909.13,-1,5919.1083692515,5904.14081537425,5909.13,0,-1.0,5909.13,2025-05-12 15:25:59,5919.95,-555.9999999999854,Stop Loss,-15945.911463313934,4199.276938625253,20145.188401939187,2025-05
2025-06-02 10:03:00,5970.4,-1,5980.3783692515,5965.41081537425,5970.4,0,-1.0,5970.4,2025-06-02 10:17:59,5979.96,-493.00000000002,Stop Loss,-16438.911463313954,4199.276938625253,20638.18840193921,2025-06
2025-06-10 14:52:00,6092.19,-1,6102.1683692515,6087.20081537425,6092.19,0,-1.0,6092.19,2025-06-10 15:13:59,6087.20081537425,234.4592312874829,Take Profit,-16204.452232026471,4199.276938625253,20403.729170651724,2025-06
2025-06-10 15:27:00,6096.22,-1,6106.1983692515005,6091.230815374251,6096.22,0,-1.0,6096.22,2025-06-10 15:48:59,6091.93,199.49999999999818,RTH Exit,-16004.952232026473,4199.276938625253,20204.229170651728,2025-06
2025-06-12 11:12:00,6097.99,-1,6107.9683692515,6093.00081537425,6097.99,0,-1.0,6097.99,2025-06-12 11:47:59,6093.00081537425,234.4592312874829,Take Profit,-15770.49300073899,4199.276938625253,19969.769939364243,2025-06
2025-06-12 11:47:00,6092.19,-1,6102.1683692515,6087.20081537425,6092.19,0,-1.0,6092.19,2025-06-12 12:01:59,6102.76,-543.5000000000309,Stop Loss,-16313.993000739021,4199.276938625253,20513.269939364276,2025-06
2025-06-12 12:08:00,6098.99,-1,6108.9683692515,6094.00081537425,6098.99,0,-1.0,6098.99,2025-06-12 14:00:59,6094.00081537425,234.4592312874829,Take Profit,-16079.533769451538,4199.276938625253,20278.81070807679,2025-06
2025-06-12 14:00:00,6091.68,-1,6101.6583692515005,6086.690815374251,6091.68,0,-1.0,6091.68,2025-06-12 14:28:59,6087.89,174.49999999999818,VWAP Exit,-15905.03376945154,4199.276938625253,20104.310708076795,2025-06
2025-08-22 11:07:00,6484.75,-1,6494.7283692515,6479.76081537425,6484.75,0,-1.0,6484.75,2025-08-22 11:35:59,6479.76081537425,234.4592312874829,Take Profit,-15670.574538164057,4199.276938625253,19869.85147678931,2025-08
2025-08-22 11:35:00,6478.25,-1,6488.2283692515,6473.26081537425,6478.25,0,-1.0,6478.25,2025-08-24 14:06:59,6481.5,-177.5,Stop Loss,-15848.074538164057,4199.276938625253,20047.35147678931,2025-08
